"ID_UO","CO_UO","NO_UO","ID_ORGAO_UO_SIAFI","ID_ORGAO_SUPE_UO_SIAFI"
-9,-9,NAO SE APLICA,-9,-9
-8,-8,SEM INFORMACAO,-8,-8
-7,-7,CODIGO INVALIDO,-7,-7
0,"0",CODIGO INEXISTENTE NO SIAFI,-7,-7
101,"00101",CODIGO INEXISTENTE NO SIAFI,-7,-7
111,"111",CODIGO INEXISTENTE NO SIAFI,-7,-7
1101,"01101",CAMARA DOS DEPUTADOS,1000,1000
1901,"01901",FUNDO ROTATIVO DA CAMARA DOS DEPUTADOS,1901,1000
2101,"02101",SENADO FEDERAL,2000,2000
2102,"02102",CENTRO GRAFICO,2000,2000
2103,"02103",SEC. ESP. DE INFORMATICA DO SENADO FEDERAL,2000,2000
2104,"02104",SECRETARIA ESPEC. DE EDITORACAO E PUBLICACAO,2000,2000
2901,"02901",FUNDO ESPECIAL DO SENADO FEDERAL,2001,2000
2902,"02902",FUNDO DO CENTRO GRAFICO DO SENADO FEDERAL,2000,2000
2903,"02903",FUNDO DE INFOR.E PROC.DE DADOS DO SEN.FEDERAL,2003,2000
2904,"02904",FUNDO DA SEC.ESPEC.DE EDITORACAO E PUBLICACAO,2002,2000
3101,"03101",TRIBUNAL DE CONTAS DA UNIAO,3000,3000
10101,"10101",SUPREMO TRIBUNAL FEDERAL,10000,10000
10102,"10102",CONSELHO NACIONAL DE JUSTICA,10000,10000
11101,"11101",SUPERIOR TRIBUNAL DE JUSTICA,11000,11000
12101,"12101",JUSTICA FEDERAL DE PRIMEIRO GRAU,12000,12000
12102,"12102",TRIBUNAL REGIONAL FEDERAL DA 1A. REGIAO,12000,12000
12103,"12103",TRIBUNAL REGIONAL FEDERAL DA 2A. REGIAO,12000,12000
12104,"12104",TRIBUNAL REGIONAL FEDERAL DA 3A. REGIAO,12000,12000
12105,"12105",TRIBUNAL REGIONAL FEDERAL DA 4A. REGIAO,12000,12000
12106,"12106",TRIBUNAL REGIONAL FEDERAL DA 5A. REGIAO,12000,12000
12107,"12107",TRIBUNAL REGIONAL FEDERAL DA 6A. REGIAO,12000,12000
12210,"12210",CODIGO INEXISTENTE NO SIAFI,-7,-7
13101,"13101",JUSTICA MILITAR,13000,13000
14101,"14101",TRIBUNAL SUPERIOR ELEITORAL,14000,14000
14102,"14102",TRIBUNAL REGIONAL ELEITORAL DO ACRE,14000,14000
14103,"14103",TRIBUNAL REGIONAL ELEITORAL DE ALAGOAS,14000,14000
14104,"14104",TRIBUNAL REGIONAL ELEITORAL DO AMAZONAS,14000,14000
14105,"14105",TRIBUNAL REGIONAL ELEITORAL DA BAHIA,14000,14000
14106,"14106",TRIBUNAL REGIONAL ELEITORAL DO CEARA,14000,14000
14107,"14107",TRIBUNAL REGIONAL ELEITORAL DO DIST. FEDERAL,14000,14000
14108,"14108",TRIBUNAL REGIONAL ELEITORAL DO ESPIRITO SANTO,14000,14000
14109,"14109",TRIBUNAL REGIONAL ELEITORAL DE GOIAS,14000,14000
14110,"14110",TRIBUNAL REGIONAL ELEITORAL DO MARANHAO,14000,14000
14111,"14111",TRIBUNAL REGIONAL ELEITORAL DE MATO GROSSO,14000,14000
14112,"14112",TRIBUNAL REGIONAL ELEITORAL DE MATO G. DO SUL,14000,14000
14113,"14113",TRIBUNAL REGIONAL ELEITORAL DE MINAS GERAIS,14000,14000
14114,"14114",TRIBUNAL REGIONAL ELEITORAL DO PARA,14000,14000
14115,"14115",TRIBUNAL REGIONAL ELEITORAL DA PARAIBA,14000,14000
14116,"14116",TRIBUNAL REGIONAL ELEITORAL DO PARANA,14000,14000
14117,"14117",TRIBUNAL REGIONAL ELEITORAL DE PERNAMBUCO,14000,14000
14118,"14118",TRIBUNAL REGIONAL ELEITORAL DO PIAUI,14000,14000
14119,"14119",TRIBUNAL REGIONAL ELEITORAL DO RIO DE JANEIRO,14000,14000
14120,"14120",TRIBUNAL REGIONAL ELEITORAL DO RIO G.DO NORTE,14000,14000
14121,"14121",TRIBUNAL REGIONAL ELEITORAL DO RIO G. DO SUL,14000,14000
14122,"14122",TRIBUNAL REGIONAL ELEITORAL DE RONDONIA,14000,14000
14123,"14123",TRIBUNAL REGIONAL ELEITORAL DE SANTA CATARINA,14000,14000
14124,"14124",TRIBUNAL REGIONAL ELEITORAL DE SAO PAULO,14000,14000
14125,"14125",TRIBUNAL REGIONAL ELEITORAL DE SERGIPE,14000,14000
14126,"14126",TRIBUNAL REGIONAL ELEITORAL DE TOCANTINS,14000,14000
14127,"14127",TRIBUNAL REGIONAL ELEITORAL DE RORAIMA,14000,14000
14128,"14128",TRIBUNAL REGIONAL ELEITORAL DO AMAPA,14000,14000
14901,"14901",FUNDO PARTIDARIO,14000,14000
15101,"15101",TRIBUNAL SUPERIOR DO TRABALHO,15000,15000
15102,"15102",TRIBUNAL REGIONAL DO TRABALHO DA 1A. REGIAO,15000,15000
15103,"15103",TRIBUNAL REGIONAL DO TRABALHO DA 2A. REGIAO,15000,15000
15104,"15104",TRIBUNAL REGIONAL DO TRABALHO DA 3A. REGIAO,15000,15000
15105,"15105",TRIBUNAL REGIONAL DO TRABALHO DA 4A. REGIAO,15000,15000
15106,"15106",TRIBUNAL REGIONAL DO TRABALHO DA 5A. REGIAO,15000,15000
15107,"15107",TRIBUNAL REGIONAL DO TRABALHO DA 6A. REGIAO,15000,15000
15108,"15108",TRIBUNAL REGIONAL DO TRABALHO DA 7A. REGIAO,15000,15000
15109,"15109",TRIBUNAL REGIONAL DO TRABALHO DA 8A. REGIAO,15000,15000
15110,"15110",TRIBUNAL REGIONAL DO TRABALHO DA 9A. REGIAO,15000,15000
15111,"15111",TRIBUNAL REGIONAL DO TRABALHO DA 10A. REGIAO,15000,15000
15112,"15112",TRIBUNAL REGIONAL DO TRABALHO DA 11A. REGIAO,15000,15000
15113,"15113",TRIBUNAL REGIONAL DO TRABALHO DA 12A. REGIAO,15000,15000
15114,"15114",TRIBUNAL REGIONAL DO TRABALHO DA 13A. REGIAO,15000,15000
15115,"15115",TRIBUNAL REGIONAL DO TRABALHO DA 14A. REGIAO,15000,15000
15116,"15116",TRIBUNAL REGIONAL DO TRABALHO DA 15A. REGIAO,15000,15000
15117,"15117",TRIBUNAL REGIONAL DO TRABALHO DA 16A. REGIAO,15000,15000
15118,"15118",TRIBUNAL REGIONAL DO TRABALHO DA 17A. REGIAO,15000,15000
15119,"15119",TRIBUNAL REGIONAL DO TRABALHO DA 18A. REGIAO,15000,15000
15120,"15120",TRIBUNAL REGIONAL DO TRABALHO DA 19A. REGIAO,15000,15000
15121,"15121",TRIBUNAL REGIONAL DO TRABALHO DA 20A. REGIAO,15000,15000
15122,"15122",TRIBUNAL REGIONAL DO TRABALHO DA 21A. REGIAO,15000,15000
15123,"15123",TRIBUNAL REGIONAL DO TRABALHO DA 22A. REGIAO,15000,15000
15124,"15124",TRIBUNAL REGIONAL DO TRABALHO DA 23A. REGIAO,15000,15000
15125,"15125",TRIBUNAL REGIONAL DO TRABALHO DA 24A. REGIAO,15000,15000
15126,"15126",CONSELHO SUPERIOR DA JUSTICA DO TRABALHO,15000,15000
16101,"16101",TRIBUNAL DE JUSTICA DO DISTRITO FEDERAL,16000,16000
16102,"16102",TRIBUNAL DE JUSTICA/DF - JUST.DOS TERRITORIOS,16000,16000
16103,"16103",JUSTICA DA INFANCIA E DA JUVENTUDE,16000,16000
16203,"16203",CODIGO INEXISTENTE NO SIAFI,-7,-7
17101,"17101",CONSELHO NACIONAL DE JUSTICA,17000,17000
20101,"20101",PRESIDENCIA DA REPUBLICA,20101,20000
20102,"20102",GABINETE DA VICE-PRESIDENCIA DA REPUBLICA,60000,20000
20103,"20103",SECRETARIA DA ADMINISTRACAO FEDERAL,20103,20103
20104,"20104",SECRETARIA DE ASSUNTOS ESTRATEGICOS,20101,20000
20105,"20105",ESTADO-MAIOR DAS FORCAS ARMADAS,52000,52000
20107,"20107",SECRETARIA DE AVIACAO CIVIL,20101,20000
20108,"20108",AGENCIA NACIONAL DE AVIACAO CIVIL - ANAC,-9,-9
20109,"20109",CODIGO INEXISTENTE NO SIAFI,-7,-7
20113,"20113","SECRETARIA DE PLANEJ.,ORCAMENTO E COORDENACAO",25000,25000
20114,"20114",ADVOCACIA-GERAL DA UNIAO,20114,20114
20115,"20115",SECRETARIA ESPECIAL DE POLITICAS REGIONAIS,20101,20000
20116,"20116",SECRET. DE ESTADO DE PLANEJAMENTO E AVALIACAO,20101,20000
20117,"20117",SECRETARIA ESPECIAL DE DESENVOLVIMENTO URBANO,-9,-9
20118,"20118",AGENCIA BRASILEIRA DE INTELIGENCIA - ABIN,20101,20000
20119,"20119",IMPRENSA NACIONAL,-9,-9
20120,"20120",ARQUIVO NACIONAL,20101,20000
20121,"20121",SECRETARIA ESPECIAL DE DIREITOS HUMANOS,20101,20000
20122,"20122",SECRETARIA NAC. DE POLITICAS P/MULHERES - SPM,65000,65000
20123,"20123",GABINETE DE SEG. ALIMENTAR E COMBATE A FOME,20101,20000
20124,"20124",SECRETARIA ESPECIAL DE AQUICULTURA E PESCA/PR,58000,58000
20125,"20125",CONTROLADORIA-GERAL DA UNIAO,20125,20000
20126,"20126",SECRETRIA ESP. POL. PROM DA IGUALDADE RACIAL,20101,20000
20127,"20127",SECRETARIA EXECUTIVA DO PROG. BOLSA FAMILIA,20101,20000
20128,"20128",SECRETARIA ESPECIAL DE PORTOS/PR,68000,68000
20129,"20129",SEC.ESPEC.DE AGRIC.FAM.E DO DES.AGRARIO-SEAD,49000,49000
20154,"20154",PROCURADORIA GERAL FEDERAL - PGF,20114,20114
20155,"20155",SUBSECRETARIA DE DIREITOS HUMANOS,20101,20000
20192,"20192",GABINETE DA PRESIDENCIA DA REPUBLICA - ENTIDADES SUPERVISIONADAS,-9,-9
20193,"20193",SECRETARIA DE ASSUNTOS ESTRATEGICOS - ENTIDADES SUPERVISIONADAS,-9,-9
20194,"20194",SECRETARIA DA ADMINISTRACAO FEDERAL - ENTIDADES SUPERVISIONADAS,-9,-9
20196,"20196",CODIGO INEXISTENTE NO SIAFI,-7,-7
20201,"20201",INSTIT.NAC.DE COLONIZ.E REF.AGRARIA - INCRA,22201,49000
20202,"20202",FUNDACAO ESCOLA NACIONAL DE ADMINISTRACAO PUBLICA,-9,-9
20203,"20203",AGENCIA NACIONAL DO CINEMA - ANCINE,20203,42000
20204,"20204",INST.NAC.DE TECNOLOGIA DA INFORMACAO-ITI,24208,46000
20205,"20205",Companhia Docas do Ceará - CDC,20101,20000
20206,"20206",Companhia Docas do Espírito Santo - CODESA,20101,20000
20207,"20207",Companhia das Docas do Estado da Bahia - CODEBA,20101,20000
20208,"20208",Companhia Docas do Estado de São Paulo - CODESP,20101,20000
20209,"20209",AUTORIDADE NACIONAL DE PROTECAO DE DADOS,30000,30000
20210,"20210",Companhia Docas do Pará - CDP,20101,20000
20211,"20211",Companhia Docas do Rio de Janeiro - CDRJ,20101,20000
20212,"20212",Companhia Docas do Rio Grande do Norte - CODERN,20101,20000
20213,"20213",EMPRESA BRASILEIRA DE INFRA-ESTRUTURA AEROPOR,20107,20000
20214,"20214",AGENCIA NACIONAL DE AVIACAO CIVIL - ANAC,20214,20000
20224,"20224",AGENCIA NACIONAL DO CINEMA - ANCINE,20203,42000
20225,"20225",INSTITUTO DE PESQUISA ECONOMICA E APLICADA,61201,47000
20301,"20301",COMISSAO NACIONAL DE ENERGIA NUCLEAR,20301,24000
20302,"20302",NUCLEBRAS EQUIPAMENTOS PESADOS S/A,20302,32000
20303,"20303",INDUSTRIAS NUCLEARES DO BRASIL S/A,20303,32000
20304,"20304",URANIO DO BRASIL S/A,20303,32000
20401,"20401",EMPRESA BRASILEIRA DE COMUNICACAO S/A,30201,20101
20402,"20402",AGENCIA ESPACIAL BRASILEIRA - AEB,20402,24000
20403,"20403",EMPRESA BRASIL DE COMUNICACAO - EBC,-9,-9
20406,"20406",CODIGO INEXISTENTE NO SIAFI,-7,-7
20407,"20407",CODIGO INEXISTENTE NO SIAFI,-7,-7
20408,"20408",CODIGO INEXISTENTE NO SIAFI,-7,-7
20409,"20409",CODIGO INEXISTENTE NO SIAFI,-7,-7
20410,"20410",CODIGO INEXISTENTE NO SIAFI,-7,-7
20412,"20412",CODIGO INEXISTENTE NO SIAFI,-7,-7
20413,"20413",FUNDACAO ROQUETE PINTO,26293,20113
20415,"20415",EMPRESA BRASIL DE COMUNICACAO,20415,20101
20416,"20416",EMPRESA DE PLANEJAMENTO E LOGISTICA S.A.- EPL,39253,39000
20501,"20501",CODIGO INEXISTENTE NO SIAFI,-7,-7
20502,"20502",FINANCIADORA DE ESTUDOS E PROJETOS,20502,24000
20601,"20601",COMPANHIA DE DESENVOLVIMENTO DO VALE DO SAO FRANCISCO,-9,-9
20602,"20602",SUPERINT. DE DESENVOLV. DA AMAZONIA - SUDAM,20602,53000
20603,"20603",SUPERINT. DE DESENVOLV. DO NORDESTE - SUDENE,20601,53000
20604,"20604",DEPARTAMENTO NACIONAL DE OBRAS CONTRA AS SECAS - DENOCS,-9,-9
20605,"20605",CODIGO INEXISTENTE NO SIAFI,-7,-7
20701,"20701",EMPRESA BRASILEIRA DE COMUNICACAO S. - RADIOBRAS,-9,-9
20801,"20801",FUNDACAO INSTITUTO BRASILEIRO DE GEOGRAFIA E ESTATISTICA,-9,-9
20802,"20802",INSTITUTO DE PESQUISA ECONOMICA APLICADA - IPEA,-9,-9
20901,"20901",FUNDO DO EMFA,-9,-9
20902,"20902",FUNDO DE ADMINISTRACAO DO HOSPITAL DAS FORCAS ARMADAS,-9,-9
20905,"20905",CODIGO INEXISTENTE NO SIAFI,-7,-7
20906,"20906","FUNDO ESPECIAL DE FORMACAO, QUALIFICACAO, TREINAMENTO E DESENVOLVIMENTO DO SERVIDOR PUBLICO",-9,-9
20913,"20913",CODIGO INEXISTENTE NO SIAFI,-7,-7
20923,"20923",FUNDO DO SERVICO MILITAR,-9,-9
20924,"20924",FUNDO NACIONAL DE DESENVOLVIMENTO,-9,-9
20926,"20926",FUNDO NACIONAL ANTIDROGAS - FUNAD,20117,20101
20927,"20927",FUNDO DE IMPRENSA NACIONAL,20116,20101
20928,"20928",FUNDO NACIONAL PARA A CRIANCA E ADOLESCENTE,64901,57000
20929,"20929",FUNDO NACIONAL DO IDOSO - FNI,64902,57000
20930,"20930",FUNDO NACIONAL DE AVIACAO CIVIL - FNAC,62901,68000
21019,"21019",CODIGO INEXISTENTE NO SIAFI,-7,-7
21101,"21101",MINISTERIO DA AERONAUTICA,52111,52000
21201,"21201",CAIXA DE FINANCIAMENTO IMOBILIARIO DA AERONAUTICA,-9,-9
21901,"21901",FUNDO AERONAUTICO,52111,52000
21902,"21902",FUNDO AEROVIARIO,52111,52000
22101,"22101",MINISTERIO DA AGRICULTURA E PECUARIA,22000,22000
22106,"22106",SERVICO FLORESTAL BRASILEIRO,44208,44000
22192,"22192",ENTIDADES SUPERVISIONADAS,-9,-9
22201,"22201",INST. NACIONAL DE COLONIZ. E REFORMA AGRARIA,22201,49000
22202,"22202",EMPRESA BRASILEIRA DE PESQUISA AGROPECUARIA,22202,22000
22203,"22203",CODIGO INEXISTENTE NO SIAFI,-7,-7
22204,"22204",CODIGO INEXISTENTE NO SIAFI,-7,-7
22207,"22207",COMPANHIA DE COLONIZACAO DO NORDESTE,22207,22000
22208,"22208",CENTRAIS DE ABASTECIMENTO DE MINAS GERAIS S.A. - CEASAMINAS,22000,22000
22209,"22209",COMPANHIA DE ARMAZENS E SILOS DO ESTADO DE MINAS GERAIS - CASEMG,22000,22000
22211,"22211",COMPANHIA NACIONAL DE ABASTECIMENTO,22211,49000
22212,"22212",CIA.DE ENTREPOSTOS E ARMAZENS GER.DE S.PAULO,22500,49000
22901,"22901",FUNDO FEDERAL AGROPECUARIO,22000,22000
22902,"22902",FUNDO DE ELETRIFICACAO RURAL DE COOPERATIVAS,22000,22000
22903,"22903",FUNDO GERAL DO CACAU,22000,22000
22904,"22904",FUNDO NACIONAL DE COOPERATIVISMO,22000,22000
22906,"22906",FUNDO DE DEFESA DA ECONOMIA CAFEEIRA,22905,22000
23101,"23101",MINISTERIO DO BEM-ESTAR SOCIAL,23000,23000
23103,"23103",COORDENADORIA NAC.P/INTEG.DA PESSOA PORT.DEF.,23000,23000
23104,"23104",CONSELHO NACIONAL DO SERVICO SOCIAL,23000,23000
23201,"23201",FUNDACAO CENTRO BRAS.P/A INFAN.E ADOLESCENCIA,23201,20113
23202,"23202",FUNDACAO LEGIAO BRASILEIRA DE ASSISTENCIA,23202,33000
23901,"23901",FUNDO NACIONAL DE ACAO COMUNITARIA,23000,23000
23902,"23902",FUNDO DE CUSTEIO DE PROGRAMAS DE HAB. POPULAR,23000,23000
24101,"24101","MINIST. DA CIENCIA, TECNOLOGIA E INOVOVACAO",24000,24000
24110,"24110",MCTI - RECEITAS ESPECIFICAS,24000,24000
24201,"24201",CONSELHO NAC.DE DESENV.CIENTIF.E TECNOLOGICO,20501,24000
24202,"24202",FINANCIADORA DE ESTUDOS E PROJETOS - FINEP,24000,24000
24203,"24203",FUNDACAO CENTRO TECNOLOGICO PARA INFORMATICA,-9,-9
24204,"24204",COMISSAO NACIONAL DE ENERGIA NUCLEAR - CNEN,20301,24000
24205,"24205",AGENCIA ESPACIAL BRASILEIRA - AEB,20402,24000
24206,"24206",INDUSTRIAS NUCLEARES DO BRASIL S/A - INB,20303,32000
24207,"24207",NUCLEBRAS EQUIPAMENTOS PESADOS S/A - NUCLEP,20302,32000
24209,"24209",CENTRO NAC DE TECN ELETRONICA AVANCADA S/A,24209,24000
24210,"24210",CODIGO INEXISTENTE NO SIAFI,-7,-7
24211,"24211",AGENCIA NACIONAL DE TELECOMUNICACOES - ANATEL,41231,41000
24216,"24216",TELECOMUNICACOES BRASILEIRAS S/A - TELEBRAS,24216,41000
24800,"24800",FINEP - CONTRATOS E CONVENIOS,20502,24000
24901,"24901",FUNDO NACIONAL DE DESENV.CIENT.E TECNOLOGICO,24901,24000
24903,"24903",FUNDO DE AMPARO A TECNOLOGIA,24000,24000
24904,"24904",FUNDO DE ATIVIDADES ESPACIAIS,24000,24000
24905,"24905",FUNDO DE ATIVIDADES PARA A AMAZONIA,24000,24000
24906,"24906",FUNDO DE UNIVERS.DOS SERV.DE TELECOMUN.-FUST,41232,41000
24907,"24907",FUNDO P/O DESENV.TECNOL.DAS TELECOM.-FUNTTEL,41903,41000
25101,"25101",MINISTERIO DA FAZENDA,25000,25000
25102,"25102",ESCOLA DE ADMINISTRACAO FAZENDARIA,25002,25000
25103,"25103",SEC ESPECIAL DA RECEITA FEDERAL DO BRASIL,25000,25000
25104,"25104",PROCURADORIA GERAL DA FAZENDA NACIONAL,25000,25000
25192,"25192",ENTIDADES SUPERVISIONADAS,-9,-9
25201,"25201",BANCO CENTRAL DO BRASIL,25201,25201
25202,"25202",BANCO DA AMAZONIA S.A. - BASA,25000,25000
25203,"25203",COMISSAO DE VALORES MOBILIARIOS,25203,25000
25205,"25205",CODIGO INEXISTENTE NO SIAFI,-7,-7
25206,"25206",SUPERINT.NAC.DE PREVID.COMPLEMENTAR - PREVIC,33206,33000
25207,"25207",SERVICO FEDERAL DE PROCESSAMENTO DE DADOS,25207,25000
25208,"25208",SUPERINTENDENCIA DE SEGUROS PRIVADOS,25208,25000
25209,"25209",SUPERINTENDENCIA NACIONAL DO ABASTECIMENTO,25209,25000
25210,"25210",BANCO DO NORDESTE DO BRASIL S.A. - BNB,25000,25000
25211,"25211",CASA DA MOEDA DO BRASIL - CMB,25211,25000
25215,"25215",IRB - BRASIL RESSEGUROS S.A.,25000,25000
25220,"25220",CAIXA ECONOMICA FEDERAL - CAIXA,25000,25000
25230,"25230",COBRA TECNOLOGIA S.A.,25000,25000
25234,"25234",BANCO DO BRASIL S.A. - BB,25000,25000
25237,"25237","BB - FINANCEIRA S.A. - CREDITO, FINANCIAMENTO",25000,25000
25246,"25246",BBTUR - VIAGENS E TURISMO LTDA. - BB TURISMO,25000,25000
25255,"25255",FUNDACAO DE PESQUISA ECONOMICA APLICADA - IPEA,-9,-9
25256,"25256",FUNDACAO INSTITUTO BRASILEIRO DE GEOGRAFIA E ESTATISTICA - IBGE,-9,-9
25276,"25276",EMPRESA GESTORA DE ATIVOS - EMGEA,25000,25000
25277,"25277",ATIVOS S.A. - SECURITIZADORA DE CREDITOS FINANCEIROS,25000,25000
25282,"25282",BANCO NOSSA CAIXA S.A. - BNC,-9,-9
25289,"25289",AG.BRAS.GEST.DE FUN.GAR. E GARANTIAS S/A-ABGF,25289,25000
25296,"25296",INST.NAC. METROLOGIA QUALIDADE E TEC  INMETRO,30203,28000
25297,"25297",INSTITUTO NACIONAL DA PROPRIEDADE INDUSTRIAL,30204,28000
25298,"25298",SUPERINT. ZONA FRANCA DE MANAUS - SUFRAMA,20603,28000
25299,"25299",FUND JORGE DUPRAT FIGUEIREDO - SEG/MED TRAB.,37201,40000
25300,"25300",INSTITUTO DE PESQUISA ECONOMICA APLICADA-IPEA,61201,47000
25301,"25301",FUND. INST.BRASIL. DE GEOGRAFIA E ESTATISTICA,25205,47000
25302,"25302",FUNDACAO ESCOLA DE ADMINISTRACAO PUBLICA-ENAP,20202,46000
25303,"25303",INSTITUTO NACIONAL DO SEGURO SOCIAL,37202,33000
25901,"25901",FUNDO ESP. DE ADM. DAS EMPRESAS INCORPORADAS,25000,25000
25902,"25902",FUNDO ESP.DE DES.E APERF.DAS ATIV.DE FISC.,25000,25000
25903,"25903",FUNDO DE COMPENSACAO E VARIACOES SALARIAIS,25901,25000
25904,"25904",FUNDO DE ESTABILIDADE DO SEGURO RURAL,25904,25000
25905,"25905",FUNDO DE APOIO AO DESENVOLVIMENTO SOCIAL,25905,25000
25906,"25906",CODIGO INEXISTENTE NO SIAFI,-7,-7
25907,"25907",FUNDO CONSTIT.DE FINANCIAMENTO DO NORTE - FNO,25000,25000
25908,"25908",FUNDO CONSTIT.DE FINANC.DO CENTRO-OESTE - FCO,25000,25000
25909,"25909",FUNDO DE DEFESA DA ECONOMIA CAFEEIRA,25000,25000
25910,"25910",FUNDO CONSTIT.DE FINANC.DO NORDESTE - FNE,25000,25000
25913,"25913",FUNDO ESPECIAL DE TREINAM. E DESENVOLVIMENTO,20202,46000
25914,"25914",FUNDO DE GARANTIA A EXPORTACAO - FGE,25914,25000
25915,"25915",FUNDO DE AMPARO AO TRABALHADOR,38901,40000
25916,"25916",FUNDO DE GARANTIA P/A PROM.DA COMPETITIVIDADE,28500,28000
25917,"25917",FUNDO DO REGIME GERAL DE PREVIDENCIA SOCIAL,37904,37202
25923,"25923",CIA DE ENTREPOSTOS E ARMANEZENS CEAGESP-SP,22500,49000
26101,"26101",MINISTERIO DA EDUCACAO,26000,26000
26102,"26102",INST.NAC.DE ESTUDOS E PESQUISAS EDUCACIONAIS,26000,26000
26103,"26103",COORDENACAO DE APERFEICOAMENTO DE PESSOAL DE NIVEL SUPERIOR,-9,-9
26104,"26104",INSTITUTO NACIONAL DE EDUCACAO DE SURDOS,26000,26000
26105,"26105",INSTITUTO BENJAMIN CONSTANT,26000,26000
26192,"26192",ENTIDADES SUPERVISIONADAS,-9,-9
26201,"26201",COLEGIO PEDRO II,26201,26000
26202,"26202",CENTRO FEDERAL DE EDUCACAO TECNOL.DE ALAGOAS,26202,26000
26203,"26203",CENTRO FEDERAL DE EDUCACAO TECNOLOGICA-AM,26203,26000
26204,"26204",ESCOLA TECNICA FEDERAL DA BAHIA,26204,26000
26205,"26205",CENTRO FED. DE EDUCACAO TECNOLOGICA DE CAMPOS,26205,26000
26206,"26206",CENTRO FEDERAL DE EDUCACAO TECNOL. DO CEARA,26206,26000
26207,"26207",CENTRO FED.DE EDUC.TECNOLOGICA DO ESPIR.SANTO,26207,26000
26208,"26208",CENTRO FED. DE EDUCACAO TECNOLOGICA DE GOIAS,26208,26000
26209,"26209",CODIGO INEXISTENTE NO SIAFI,-7,-7
26210,"26210",CENTRO FEDERAL DE EDUC.TECNOL.DO M.GROSSO,26210,26000
26211,"26211",CENTRO FEDERAL DE EDUC. TECNOL. DE OURO PRETO,26211,26000
26212,"26212",CENTRO FED. DE EDUCACAO TECNOLOGICA DO PARA,26212,26000
26213,"26213",CENTRO FED.DE EDUCACAO TECNOLOGICA DA PARAIBA,26213,26000
26214,"26214",CENTRO FED.DE EDUCACAO TECNOLOGICA DE PELOTAS,26214,26000
26215,"26215",CENTRO FED.DE EDUC. TECNOLOGICA DE PERNAMBUCO,26215,26000
26216,"26216",CENTRO FED. DE EDUC. TECNOLOGICA DO PIAUI,26216,26000
26217,"26217",CENT.FED.DE EDUC.TECNOL.DE QUIMICA-NILOP./RJ,26217,26000
26218,"26218",CENTRO FEDERAL DE EDUCACAO TECNOLOGICA DO RN,26218,26000
26219,"26219","CENTRO FED,DE EDUC.TECNOLOGICA DE S.CATARINA",26219,26000
26220,"26220",CENTRO FEDERAL DE EDUC. TECNOL. DE SAO PAULO,26220,26000
26221,"26221",CENTRO FEDERAL DE EDUCACAO TEC. DE SERGIPE,26221,26000
26222,"26222",CENTRO FED. DE EDUC. TECNOLOGICA DE RORAIMA,26222,26000
26223,"26223",ESCOLA TECNICA FEDERAL DE PALMAS,26223,26000
26224,"26224",ESCOLA TECNICA FEDERAL DE RONDONIA,26224,26000
26230,"26230",FUND. UNIVERSIDADE FEDERAL VALE SAO FRANCISCO,26230,26000
26231,"26231",UNIVERSIDADE FEDERAL DE ALAGOAS,26231,26000
26232,"26232",UNIVERSIDADE FEDERAL DA BAHIA,26232,26000
26233,"26233",UNIVERSIDADE FEDERAL DO CEARA,26233,26000
26234,"26234",UNIVERSIDADE FEDERAL DO ESPIRITO SANTO,26234,26000
26235,"26235",UNIVERSIDADE FEDERAL DE GOIAS,26235,26000
26236,"26236",UNIVERSIDADE FEDERAL FLUMINENSE,26236,26000
26237,"26237",UNIVERSIDADE FEDERAL DE JUIZ DE FORA,26237,26000
26238,"26238",UNIVERSIDADE FEDERAL DE MINAS GERAIS,26238,26000
26239,"26239",UNIVERSIDADE FEDERAL DO PARA,26239,26000
26240,"26240",UNIVERSIDADE FEDERAL DA PARAIBA,26240,26000
26241,"26241",UNIVERSIDADE FEDERAL DO PARANA,26241,26000
26242,"26242",UNIVERSIDADE FEDERAL DE PERNAMBUCO,26242,26000
26243,"26243",UNIVERSIDADE FEDERAL DO RIO GRANDE DO NORTE,26243,26000
26244,"26244",UNIVERSIDADE FEDERAL DO RIO GRANDE DO SUL,26244,26000
26245,"26245",UNIVERSIDADE FEDERAL DO RIO DE JANEIRO,26245,26000
26246,"26246",UNIVERSIDADE FEDERAL DE SANTA CATARINA,26246,26000
26247,"26247",UNIVERSIDADE FEDERAL DE SANTA MARIA,26247,26000
26248,"26248",UNIVERSIDADE FEDERAL RURAL DE PERNAMBUCO,26248,26000
26249,"26249",UNIVERSIDADE FEDERAL RURAL DO RIO DE JANEIRO,26249,26000
26250,"26250",UNIVERSIDADE FEDERAL DE RORAIMA,26250,26000
26251,"26251",FUNDACAO UNIVERSIDADE FEDERAL DE TOCANTINS,26251,26000
26252,"26252",UNIVERSIDADE FEDERAL DE CAMPINA GRANDE,26252,26000
26253,"26253",UNIVERSIDADE FEDERAL RURAL DA AMAZONIA,26253,26000
26254,"26254",UNIVERSIDADE FEDERAL DO TRIANGULO MINEIRO,26254,26000
26255,"26255",UNIVERSIDADE FED.VALES JEQUITINHONHA E MUCURI,26255,26000
26256,"26256",CENTRO FED.DE EDUC.TECNOL.CELSO S.DA FONSECA,26256,26000
26257,"26257",CENTRO FED.DE EDUC.TECNOL.DE MINAS GERAIS,26257,26000
26258,"26258",UNIVERSIDADE TECNOLOGICA FEDERAL DO PARANA,26258,26000
26259,"26259",CENTRO DE EDUCACAO TECNOLOGICA DA BAHIA,26259,26000
26260,"26260",UNIVERSIDADE FEDERAL DE ALFENAS,26260,26000
26261,"26261",UNIVERSIDADE FEDERAL DE ITAJUBA - MG,26261,26000
26262,"26262",UNIVERSIDADE FEDERAL DE SAO PAULO,26262,26000
26263,"26263",UNIVERSIDADE FEDERAL DE LAVRAS,26263,26000
26264,"26264",UNIVERSIDADE FEDERAL RURAL DO SEMI-ARIDO,26264,26000
26265,"26265",CENTRO FEDERAL DE EDUCACAO TECNOL.DO MARANHAO,26209,26000
26266,"26266",FUNDACAO UNIVERSIDADE FEDERAL DO PAMPA,26266,26000
26267,"26267",UNIVERS. FEDERAL DA INTEG. LATINO AMERICANA,26267,26000
26268,"26268",FUNDACAO UNIVERSIDADE FEDERAL DE RONDONIA,26268,26000
26269,"26269",UNIVERSIDADE FEDERAL DO ESTADO RIO DE JANEIRO,26269,26000
26270,"26270",FUNDACAO UNIVERSIDADE DO AMAZONAS,26270,26000
26271,"26271",FUNDACAO UNIVERSIDADE DE BRASILIA,26271,26000
26272,"26272",FUNDACAO UNIVERSIDADE DO MARANHAO,26272,26000
26273,"26273",UNIVERSIDADE FEDERAL DO RIO GRANDE - FURG,26273,26000
26274,"26274",FUNDACAO UNIVERSIDADE FEDERAL DE UBERLANDIA,26274,26000
26275,"26275",FUNDACAO UNIVERSIDADE FEDERAL DO ACRE,26275,26000
26276,"26276",FUNDACAO UNIVERSIDADE FEDERAL DE MATO GROSSO,26276,26000
26277,"26277",FUNDACAO UNIVERSIDADE FEDERAL DE OURO PRETO,26277,26000
26278,"26278",FUNDACAO UNIVERSIDADE FEDERAL DE PELOTAS,26278,26000
26279,"26279",FUNDACAO UNIVERSIDADE FEDERAL DO PIAUI,26279,26000
26280,"26280",FUNDACAO UNIVERSIDADE FEDERAL DE SAO CARLOS,26280,26000
26281,"26281",FUNDACAO UNIVERSIDADE FEDERAL DE SERGIPE,26281,26000
26282,"26282",FUNDACAO UNIVERSIDADE FEDERAL DE VICOSA,26282,26000
26283,"26283",FUNDACAO UNIVERSIDADE FED.DE MATO GROS.DO SUL,26283,26000
26284,"26284",FUN.UNIV.FED.DE CIENCIAS DA SAUDE DE P.ALEGRE,26284,26000
26285,"26285",FUNDACAO UNIVERSIDADE FEDERAL DE S.J.DEL-REI,26285,26000
26286,"26286",FUNDACAO UNIVERSIDADE FEDERAL DO AMAPA,26286,26000
26287,"26287",ESCOLA AGROTECNICA FEDERAL DE MARABA,26287,26000
26288,"26288",ESCOLA AGROTECNICA FEDERAL DE NOVA ANDRADINA,26288,26000
26289,"26289",ESCOLA AGROT.FED.DE S.RAIMUN.DAS MANGABEIRAS,26289,26000
26290,"26290",INEP-INST.NAC.DE ESTUDOS E PESQ.EDUCACIONAIS,26290,26000
26291,"26291",FUND.COORD.DE APERF.DE PESSOAL NIVEL SUPERIOR,26291,26000
26292,"26292",FUNDACAO JOAQUIM NABUCO,26292,26000
26293,"26293",FUNDACAO ROQUETTE PINTO,26293,20113
26294,"26294",HOSPITAL DE CLINICAS DE PORTO ALEGRE,26294,26000
26295,"26295",INSTITUTO NACIONAL DE DESENVOLV.DO DESPORTO,26295,51000
26297,"26297",FUNDACAO DE ASSISTENCIA AO ESTUDANTE,-9,-9
26298,"26298",FUNDO NACIONAL DE DESENVOLVIMENTO DA EDUCACAO,26298,26000
26301,"26301",CENTRO FEDERAL DE EDUCAC.TECNOLOGICA DA BAHIA,26301,26000
26302,"26302",ESCOLA AGROTECNICA FEDERAL DE ALEGRE,26302,26000
26303,"26303",ESCOLA AGROTECNICA FEDERAL DE ALEGRETE,26303,26000
26304,"26304",ESCOLA AGROTECNICA FEDERAL DE ARAGUATINS,26304,26000
26305,"26305",CENTRO FEDERAL DE EDUCACAO TECNOL. DE BAMBUI,26305,26000
26306,"26306",ESCOLA AGROTECNICA FEDERAL DE BARBACENA,26306,26000
26307,"26307",ESCOLA AGROTECNICA FEDERAL DE BARREIROS,26307,26000
26308,"26308",ESCOLA AGROTECNICA FEDERAL DE BELO JARDIM,26308,26000
26309,"26309",CENTRO FEDERAL DE EDUCACAO TEC.DE B.GONCALVES,26309,26000
26310,"26310",ESCOLA AGROTECNICA FEDERAL DE CACERES,26310,26000
26311,"26311",ESCOLA AGROTECNICA FEDERAL DE CASTANHAL,26311,26000
26312,"26312",ESCOLA AGROTECNICA FEDERAL DE CATU,26312,26000
26313,"26313",ESCOLA AGROTECNICA FEDERAL DE COLATINA,26313,26000
26314,"26314",ESCOLA AGROTECNICA FEDERAL DE CONCORDIA,26314,26000
26315,"26315",ESCOLA AGROTECNICA FEDERAL DE CRATO,26315,26000
26316,"26316",CENTRO FEDERAL DE EDUCACAO TECNOLOGICA/CUIABA,26316,26000
26317,"26317",ESCOLA AGROTECNICA FEDERAL DE IGUATU,26317,26000
26318,"26318",ESCOLA AGROTECNICA FEDERAL DE INCONFIDENTES,26318,26000
26319,"26319",CENTRO FEDERAL DE EDUCACAO TECNOL.DE JANUARIA,26319,26000
26320,"26320",ESCOLA AGROTECNICA FEDERAL DE MACHADO,26320,26000
26321,"26321",ESCOLA AGROTECNICA FEDERAL DE MANAUS,26321,26000
26322,"26322",ESCOLA AGROTECNICA FEDEAAL DE MUZAMBINHO,26322,26000
26323,"26323",CENTRO FED. DE EDUC. TECNOLOGICA DE PETROLINA,26323,26000
26324,"26324",CENTRO FEDERAL DE EDUCACAO TECNOLOG.RIO POMBA,26324,26000
26325,"26325",CENTRO FEDERAL DE EDUCACAO TEC. DE RIO VERDE,26325,26000
26326,"26326",ESCOLA AGROTECNICA FEDERAL DE SALINAS,26326,26000
26327,"26327",ESCOLA AGROTECNICA FEDERAL DE SANTA TERESA,26327,26000
26328,"26328",ESCOLA AGROTECNICA FEDERAL DE SAO CRISTOVAO,26328,26000
26329,"26329",ESCOLA AGROTECNICA FEDERAL DE S.J.EVANGELISTA,26329,26000
26330,"26330",ESCOLA AGROTECNICA FEDERAL DE SAO LUIS,26330,26000
26331,"26331",CENTRO FED.EDUCACAO TECNOLOGICA S.VICENTE SUL,26331,26000
26332,"26332",ESCOLA AGROTECNICA FEDERAL DE SATUBA,26332,26000
26333,"26333",ESCOLA AGROTECNICA FEDERAL DE SERTAO,26333,26000
26334,"26334",ESCOLA AGROTECNICA FEDERAL DE SOUSA,26334,26000
26335,"26335",CENTRO FEDERAL DE EDUC TECNOLOGICA DE UBERABA,26335,26000
26336,"26336",ESCOLA AGROTECNICA FEDERAL DE UBERLANDIA,26336,26000
26337,"26337",CENTRO FEDERAL DE EDUC. TECNOLOGICA DE URUTAI,26337,26000
26338,"26338",ESCOLA AGROTECNICA FEDERAL DE V.DE S.ANTAO,26338,26000
26339,"26339",ESCOLA AGROTECNICA FEDERAL DE S.G.CACHOEIRA,26339,26000
26340,"26340",ESCOLA AGROTECNICA FEDERAL DE SOMBRIO,26340,26000
26341,"26341",ESCOLA AGROTECNICA FEDERAL DE CERES,26341,26000
26342,"26342",ESCOLA AGROTECNICA FEDERAL DE COLOR. DO OESTE,26342,26000
26343,"26343",ESCOLA AGROTECNICA FEDERAL DE CODO,26343,26000
26344,"26344",ESCOLA AGROTECNICA FED. ANTONIO JOSE TEIXEIRA,26344,26000
26345,"26345",ESCOLA AGROTECNICA FEDERAL DE RIO DO SUL,26345,26000
26346,"26346",ESCOLA AGROTECNICA FEDERAL DE SANTA INES,26346,26000
26347,"26347",ESCOLA AGROTECNICA FED. DE SENHOR DO BOMFIM,26347,26000
26350,"26350",FUNDACAO UNIVERSIDADE FED. DA GRANDE DOURADOS,26350,26000
26351,"26351",UNIVERSIDADE FEDERAL DO RECONCAVO DA BAHIA,26351,26000
26352,"26352",FUNDACAO UNIVERSIDADE FEDERAL DO ABC,26352,26000
26353,"26353",ESCOLA TECNICA FEDERAL DO ACRE,26353,26000
26354,"26354",ESCOLA TECNICA FEDERAL DO AMAPA - ETF/AP,26354,26000
26355,"26355",ESCOLA TECNICA FEDERAL DO MATO GROSSO DO SUL,26355,26000
26356,"26356",INSTITUTO FED. ED. CIENCIA E TEC. DE BRASILIA,26356,26000
26357,"26357",ESCOLA TECNICA FEDERAL DE CANOAS,26357,26000
26358,"26358",HOSPITAL UNIVERSITARIO PROF.ALBERTO NUNES,26231,26000
26359,"26359",COMPLEXO HOSPITALAR E DE SAUDE DA UFBA,26232,26000
26360,"26360",HOSPITAL UNIVERSITARIO HOSANNAH OLIVEIRA,26000,26000
26361,"26361",MATERNIDADE CLIMERIO OLIVEIRA,26000,26000
26362,"26362",HOSPITAL UNIVERSITARIO WALTER CANTIDIO,26233,26000
26363,"26363",MATERNIDADE ASSIS CHATEAUBRIAN,26233,26000
26364,"26364",HOSPITAL UNIVERSIT. CASSIANO ANTONIO MORAIS,26234,26000
26365,"26365",HOSPITAL DAS CLINICAS DA UFGO,26235,26000
26366,"26366",HOSPITAL UNIVERSITARIO ANTONIO PEDRO,26236,26000
26367,"26367",HOSPITAL UNIVERSITARIO DA UFJF,26237,26000
26368,"26368",HOSPITAL UNIVERSITARIO DA UFMG,26238,26000
26369,"26369",HOSPITAL UNIVERSITARIO JOAO DE BARROS BARRETO,26239,26000
26370,"26370",HOSPITAL UNIVERSITARIO BETINA FERRO SOUZA,26239,26000
26371,"26371",HOSPITAL UNIVERSITARIO LAURO WANDERLEY,26240,26000
26372,"26372",HOSPITAL DE CLINICAS DA UFPR,26241,26000
26373,"26373",HOSPITAL DAS CLINICAS DA UFPE,26242,26000
26374,"26374",COMPLEXO HOSPITALAR E DE SAUDE DA UFRN,26243,26000
26378,"26378",COMPLEXO HOSPITALAR E DE SAUDE DA UFRJ,26245,26000
26385,"26385",HOSPITAL UNIVERSITARIO DA UFGD,26350,26000
26386,"26386",HOSPITAL UNIVER.POLYDORO ERNANI DE SAO THIAGO,26246,26000
26387,"26387",HOSPITAL UNIVERSITARIO DA UFSM,26247,26000
26388,"26388",HOSPITAL UNIVERSITARIO ALCIDES CARNEIRO,26252,26000
26389,"26389",HOSPITAL UNIVERSITARIO DA UFTM,26254,26000
26391,"26391",HOSPITAL UNIVERSITARIO GAFFREE E GUINLE,26269,26000
26392,"26392",HOSPITAL GETULIO VARGAS,26270,26000
26393,"26393",HOSPITAL UNIVERSITARIO DE BRASILIA,26271,26000
26394,"26394",HOSPITAL UNIVERSITARIO DA FUMA,26272,26000
26395,"26395",HOSPITAL UNIVERSITARIO MIGUEL RIET JUNIOR,26273,26000
26396,"26396",HOSP.DAS CLINICAS DA UNIV.FED.DE UBERLANDIA,26274,26000
26397,"26397",HOSPITAL JULIO MULLER,26276,26000
26398,"26398",HOSPITAL DAS CLINICAS DA FUFPEL,26278,26000
26399,"26399",HOSPITAL UNIVERSITARIO DA FUFPI,26279,26000
26400,"26400",HOSPITAL UNIVERSITARIO DA FUFSE,26281,26000
26401,"26401",HOSPITAL UNIVERSITARIO MARIA PEDROSSIAN,26283,26000
26402,"26402","INST.FED.DE EDUC.,CIENC.E TEC.DE ALAGOAS",26402,26000
26403,"26403","INST.FED.DE EDUC.,CIENC.E TEC.DO AMAZONAS",26403,26000
26404,"26404","INST.FED.DE EDUC.,CIENC.E TEC.BAIANO",26404,26000
26405,"26405","INST.FED.DE EDUC.,CIENC.E TEC.DO CEARA",26405,26000
26406,"26406","INST.FED.DE EDUC.,CIENC.E TEC.DO ESP.SANTO",26406,26000
26407,"26407","INST.FED.DE EDUC.,CIENC.E TEC.GOIANO",26407,26000
26408,"26408","INST.FED.DE EDUC.,CIENC.E TEC.DO MARANHAO",26408,26000
26409,"26409","INST.FED.DE EDUC.,CIENC.E TEC.DE MINAS GERAIS",26409,26000
26410,"26410","INST.FED.DE EDUC.,CIENC.E TEC.DO NORTE DE MG",26410,26000
26411,"26411","INST.FED.DE EDUC.,CIENC.E TEC.DO SUDESTE MG",26411,26000
26412,"26412","INST.FED.DE EDUC.,CIENC.E TEC.DO SUL DE MG",26412,26000
26413,"26413","INST.FED.DE EDUC.,CIENC.E TEC.DO TRIA.MINEIRO",26413,26000
26414,"26414","INST.FED.DE EDUC.,CIENC.E TEC.DO MATO GROSSO",26414,26000
26415,"26415","INST.FED.DE EDUC.,CIENC.E TEC.DO MAT.G.DO SUL",26415,26000
26416,"26416","INST.FED.DE EDUC.,CIENC.E TEC.DO PARA",26416,26000
26417,"26417","INST.FED.DE EDUC.,CIENC.E TEC.DA PARAIBA",26417,26000
26418,"26418","INST.FED.DE EDUC.,CIENC.E TEC.DE PERNAMBUCO",26418,26000
26419,"26419","INST.FED.DE EDUC.,CIENC.E TEC.DO RS",26419,26000
26420,"26420","INST.FED.DE EDUC.,CIENC.E TEC.FARROUPILHA",26420,26000
26421,"26421","INST.FED.DE EDUC.,CIENC.E TEC.DE RONDONIA",26421,26000
26422,"26422","INST.FED.DE EDUC.,CIENC.E TEC.CATARINENSE",26422,26000
26423,"26423","INST.FED.DE EDUC.,CIENC.E TEC.DE SERGIPE",26423,26000
26424,"26424","INST.FED.DE EDUC.,CIENC.E TEC.DO TOCANTINS",26424,26000
26425,"26425","INST.FED.DE EDUC.,CIENC.E TEC.DO ACRE",26425,26000
26426,"26426","INST.FED.DE EDUC.,CIENC.E TEC.DO AMAPA",26426,26000
26427,"26427","INST.FED.DE EDUC.,CIENC.E TEC.DA BAHIA",26427,26000
26428,"26428","INST.FED.DE EDUC.,CIENC.E TEC.DE BRASILIA",26428,26000
26429,"26429","INST.FED.DE EDUC.,CIENC.E TEC.DE GOIAS",26429,26000
26430,"26430","INST.FED.DE ED.,CIENC.E TEC.DO S.PERNAMBUCANO",26430,26000
26431,"26431","INST.FED.DE EDUC.,CIENC.E TEC.DO PIAUI",26431,26000
26432,"26432",INSTITUTO FEDERAL DO PARANA - IFPR,26432,26000
26433,"26433","INST.FED.DE EDUC.,CIENC.E TEC.DO R.DE JANEIRO",26433,26000
26434,"26434","INST.FED.DE EDUC.,CIENC.E TEC.FLUMINENSE",26434,26000
26435,"26435","INST.FED.DE EDUC.,CIENC.E TEC.DO RN",26435,26000
26436,"26436","INST.FED.DE EDUC.,CIE.E TEC.SUL-RIO-GRANDENSE",26436,26000
26437,"26437","INST.FED.DE EDUC.,CIENC.E TEC.DE RORAIMA",26437,26000
26438,"26438","INST.FED.DE EDUC.,CIENC.E TEC.DE STA.CATARINA",26438,26000
26439,"26439","INST.FED.DE EDUC.,CIENC.E TEC.DE SAO PAULO",26439,26000
26440,"26440",UNIVERSIDADE FEDERAL DA FRONTEIRA SUL,26440,26000
26441,"26441",UNIVERSIDADE FEDERAL DO OESTE DO PARA,26441,26000
26442,"26442",UNIV.DA INTEG.INTERN.DA LUSOF.AFRO-BRASILEIRA,26442,26000
26443,"26443",EMPRESA BRASIL.DE SERV.HOSPITALARES - EBSERH,26443,26000
26444,"26444",HOSP.E MATERN.VICTOR FERREIRA DO AMARAL-HMVFA,26241,26000
26445,"26445",HOSPITAL UNIVERSITARIO DA UNIFESP,26262,26000
26446,"26446",HOSPITAL UNIVERSITARIO DA UFPI,26000,26000
26447,"26447",UNIVERSIDADE FEDERAL DO OESTE DA BAHIA - UFOB,26447,26000
26448,"26448",UNIV.FED.DO SUL E SUDESTE DO PARA - UNIFESSPA,26448,26000
26449,"26449",UNIVERSIDADE FEDERAL DO CARIRI - UFCA,26449,26000
26450,"26450",UNIVERSIDADE FEDERAL DO SUL DA BAHIA,26450,26000
26451,"26451",HOSPITAL DE ENSINO DR.WASHINGTON A. DE BARROS,26230,26000
26452,"26452",UNIVERSIDADE FEDERAL DE CATALAO,26452,26000
26453,"26453",UNIVERSIDADE FEDERAL DE JATAI,26453,26000
26454,"26454",UNIVERSIDADE FEDERAL DE RONDONOPOLIS,26454,26000
26455,"26455",UNIVERSIDADE FEDERAL DO DELTA DO PARNAIBA,26455,26000
26456,"26456",UNIVERSIDADE FEDERAL DO AGRESTE DE PERNAMBUCO,26456,26000
26457,"26457",UNIVERSIDADE FEDERAL DO NORTE DO TOCANTINS,26457,26000
26901,"26901",FUNDO ESPECIAL DE ESTUDOS E PESQ.EDUCACIONAIS,26000,26000
26903,"26903",FUNDO ESPECIAL PARA DEFICIENTES DE AUDICAO,26000,26000
26904,"26904",FUNDO ESPECIAL PARA DEFICIENTES DA VISAO,26000,26000
26905,"26905",FUNDO DE ASSISTENCIA AO ATLETA PROFISSIONAL,26000,26000
26907,"26907",FUNDO DE FINANC.AO ESTUDANTE DO ENS.SUPERIOR,26000,26000
27101,"27101",SECRETARIA DE ECONOMIA E FINANCAS,52121,52000
27204,"27204",FUNDACAO OSORIO,-9,-9
27901,"27901",FUNDO DO EXERCITO,52121,52000
28101,"28101",MINIST.DESENVOLV.INDUSTR.COMERCIO E SERVICOS,28000,28000
28201,"28201",INSTITUTO BRASILEIRO DE TURISMO,20604,54000
28202,"28202",INSTIT.NAC. DE METROL. QUALID. E TECNOLOGIA,30203,28000
28203,"28203",INSTITUTO NACIONAL DA PROPRIEDADE INDUSTRIAL,30204,28000
28204,"28204",AGENCIA NACIONAL DO CINEMA,20203,42000
28233,"28233",SUPERINTENDENCIA DA ZONA FRANCA DE MANAUS,20603,28000
28234,"28234",BANCO NACIONAL DO DESENV. ECONOMICO E SOCIAL,45282,28000
28901,"28901",FUNDO GERAL DE TURISMO,20604,54000
28902,"28902",FUNDO DE DEFESA DA ECONOMIA CAFEEIRA,22000,22000
28903,"28903",FUNDO NACIONAL DE DESENVOLVIMENTO,20924,46000
28904,"28904",FUNDO DE GAR.P/PROMOC.DA COMPETITIVIDADE-FGPC,28500,28000
29101,"29101",DEFENSORIA PUBLICA DA UNIAO - DPU,29000,29000
29192,"29192",CODIGO INEXISTENTE NO SIAFI,-7,-7
29201,"29201",CODIGO INEXISTENTE NO SIAFI,-7,-7
29202,"29202",CODIGO INEXISTENTE NO SIAFI,-7,-7
29205,"29205",CODIGO INEXISTENTE NO SIAFI,-7,-7
29209,"29209",CODIGO INEXISTENTE NO SIAFI,-7,-7
29901,"29901",CODIGO INEXISTENTE NO SIAFI,-7,-7
30101,"30101",MINISTERIO DA JUSTICA E SEGURANCA PUBLICA,30000,30000
30102,"30102",IMPRENSA NACIONAL,-9,-9
30103,"30103",ARQUIVO NACIONAL,46000,46000
30107,"30107",DEPARTAMENTO DE POLICIA RODOVIARIA FEDERAL,30802,30000
30108,"30108",DEPARTAMENTO DE POLICIA FEDERAL,30108,30000
30109,"30109",DEFENSORIA PUBLICA DA UNIAO,30000,30000
30192,"30192",ENTIDADES SUPERVISIONADAS,-9,-9
30201,"30201",EMPRESA BRASILEIRA DE COMUNICACAO S/A,30201,20101
30202,"30202",FUNDACAO NACIONAL DOS POVOS INDIGENAS,30202,84000
30203,"30203",CODIGO INEXISTENTE NO SIAFI,-7,-7
30204,"30204",CODIGO INEXISTENTE NO SIAFI,-7,-7
30205,"30205",FUND. NACIONAL DOS POVOS INDIGENAS - PATR.IND,30205,84000
30211,"30211",CONSELHO ADMINISTRATIVO DE DEFESA ECONOMICA,30211,30000
30212,"30212",AUTORIDADE NACIONAL DE PROTECAO DE DADOS-ANPD,30212,30000
30901,"30901",FUNDO DE IMPRENSA NACIONAL,20116,20101
30902,"30902",FUNDO DO ARQUIVO NACIONAL,20101,20000
30903,"30903",FUNDO ESPECIAL DOS DIREITOS DA MULHER,30000,30000
30904,"30904","FUNDO DE PREVENCAO, RECUPERACAO E DE COMBATE AS DROGAS DE ABUSO",-9,-9
30905,"30905",FUNDO DE DEFESA DOS DIREITOS DIFUSOS,30905,30000
30906,"30906",FUNDO NACIONAL DE SEGUR.E EDUC.DO TRANSITO,53000,53000
30907,"30907",FUNDO PENITENCIARIO NACIONAL - FUNPEN,30907,30000
30908,"30908",FUNDO NACIONAL PARA A CRIANCA E O ADOLESCENTE - FNCA,-9,-9
30909,"30909",FUNDO P/APAR. E OPERAC. ATIV.-FIM POL.FEDERAL,30909,30000
30910,"30910",FUNDO NAC.DE SEGURANCA E EDUCACAO DO TRANSITO,53000,53000
30911,"30911",FUNDO NACIONAL DE SEGURANCA PUBLICA - FNSP,30911,30000
30912,"30912",FUNDO NACIONAL ANTIDROGAS,30912,30000
30913,"30913",FUNDO NAC. P/A CRIANCA E O ADOLESCENTE - FNCA,30913,81000
30914,"30914",FUNDO NACIONAL DO IDOSO - FNI,30914,81000
31101,"31101",MINISTERIO DA MARINHA - SECRETARIA GERAL,-9,-9
31102,"31102",TRIBUNAL MARITIMO,-9,-9
31103,"31103",SECRETARIA DA COMISSAO INTERMINISTERIAL PARA OS RECURSOS DO MAR,-9,-9
31901,"31901",FUNDO NAVAL,-9,-9
31902,"31902",FUNDO DE DESENVOLVIMENTO DO ENSINO PROFISSIONAL MARITIMO,-9,-9
32101,"32101",MINISTERIO DE MINAS E ENERGIA,32000,32000
32102,"32102",DEPTO. NACIONAL DE AGUAS E ENERGIA ELETRICA,32000,32000
32104,"32104",DEPARTAMENTO NACIONAL DE COMBUSTIVEIS - DNC,32000,32000
32192,"32192",ENTIDADES SUPERVISIONADAS,-9,-9
32201,"32201",CENTRO DE PESQUISAS DE ENERGIA ELETRICA - CEPEL,32000,32000
32202,"32202",COMPANHIA DE PESQUISA DE RECURSOS MINERAIS,29208,32000
32204,"32204",ELETROBRAS TERMONUCLEAR S.A. - ELETRONUCLEAR,32000,32000
32205,"32205",AGENCIA NACIONAL DO PETROLEO - ANP,32205,32000
32223,"32223",CENTRAIS ELETRICAS BRASILEIRAS S/A-ELETROBRAS,32000,32000
32224,"32224",CENTRAIS ELET. DO NORTE DO BR S/A-ELETRONORTE,32000,32000
32225,"32225",ELETROSUL CENTRAIS ELETRICAS S.A.,32000,32000
32226,"32226",COMPANHIA HIDRO ELETRICA DO SAO FRANCISCO - CHESF,32000,32000
32228,"32228",FURNAS - CENTRAIS ELETRICAS S.A.,32000,32000
32230,"32230",PETROLEO BRASILEIRO S.A. - PETROBRAS,32000,32000
32232,"32232",BRASPETRO OIL SERVICES COMPANY - BRASOIL,32000,32000
32239,"32239",PETROBRAS DISTRIBUIDORA S.A. - BR,32000,32000
32240,"32240",PETROBRAS GAS S.A. - GASPETRO,32000,32000
32242,"32242",PETROBRAS QUIMICA S.A. - PETROQUISA,32000,32000
32263,"32263",DEPARTAMENTO NACIONAL DE PRODUCAO MINERAL,32263,32000
32264,"32264",ELETROBRAS PARTICIPACOES S.A. - ELETROPAR,32000,32000
32265,"32265",AGENCIA NACIONAL DO PETROLEO - ANP,32205,32000
32266,"32266",AGENCIA NACIONAL DE ENERGIA ELETRICA - ANEEL,32210,32000
32267,"32267",COMPANHIA DE ELETRICIDADE DO ACRE - ELETROACRE,32000,32000
32268,"32268",COMPANHIA ENERGETICA DE ALAGOAS - CEAL,32000,32000
32269,"32269",COMPANHIA ENERGETICA DO PIAUI - CEPISA,32000,32000
32270,"32270",CENTRAIS ELETRICAS DE RONDONIA S.A. - CERON,32000,32000
32271,"32271",TRANSPORTADORA BRASILEIRA GASODUTO BOLIVIA-BRASIL S.A. - TBG,32000,32000
32272,"32272",BOA VISTA ENERGIA S.A. - BVENERGIA,32000,32000
32273,"32273",AMAZONAS DISTRIBUIDORA DE ENERGIA S.A. - ADESA,32000,32000
32274,"32274",PETROBRAS TRANSPORTE S.A. - TRANSPETRO,32000,32000
32275,"32275",FRONAPE INTERNATIONAL COMPANY - FIC,32000,32000
32276,"32276",COMPANHIA DE GERACAO TERMICA DE ENERGIA ELETRICA - CGTEE,32000,32000
32278,"32278",PETROBRAS INTERNATIONAL FINANCE COMPANY - PIFCO,32000,32000
32280,"32280",ALBERTO PASQUALINI - REFAP S.A.,32000,32000
32282,"32282",PETROBRAS NETHERLANDS B.V. - PNBV,32000,32000
32287,"32287",PETROBRAS INTERNATIONAL BRASPETRO B.V. - PIB BV,32000,32000
32308,"32308",TRANSPORTADORA ASSOCIADA DE GAS S.A. - TAG,32000,32000
32314,"32314",EMPRESA DE PESQUISA ENERGETICA - EPE,32314,32000
32316,"32316",LIQUIGAS DISTRIBUIDORA S.A. - LIQUIGAS,32000,32000
32317,"32317",SFE - SOCIEDADE FLUMINENSE DE ENERGIA LTDA.,32000,32000
32318,"32318",TERMORIO S.A.,32000,32000
32319,"32319",FAFEN ENERGIA S.A.,32000,32000
32320,"32320",TERMOCEARA LTDA.,32000,32000
32322,"32322",TERMOMACAE LTDA,91084,32000
32330,"32330",REFINARIA ABREU E LIMA S.A. - RNEST,32000,32000
32331,"32331",USINA TERMELETRICA DE JUIZ DE FORA S.A. - UTEJF,32000,32000
32332,"32332",TERMOBAHIA S.A.,91084,32000
32333,"32333",IPIRANGA ASFALTOS S.A. - IASA,32000,32000
32334,"32334",PETROBRAS BIOCOMBUSTIVEL S.A. - PBIO,32000,32000
32336,"32336",COMPERJ PETROQUIMICOS BASICOS S.A. - CPRJBAS,32000,32000
32337,"32337",COMPERJ ESTIRENICOS S.A. - CPRJEST,32000,32000
32338,"32338",COMPERJ MEG S.A. - CPRJMEG,32000,32000
32339,"32339",COMPERJ PARTICIPACOES S.A. - CPRJPAR,32000,32000
32340,"32340",COMPERJ PET S.A. - CPRJPET,32000,32000
32341,"32341",COMPERJ POLIOLEFINAS S.A. - CPRJPOL,32000,32000
32343,"32343",COMPANHIA INTEGRADA TEXTIL DE PERNAMBUCO - CITEPE,32000,32000
32344,"32344",COMPANHIA PETROQUIMICA DE PERNAMBUCO - PETROQUIMICASUAPE,32000,32000
32345,"32345",BREITENER ENERGETICA S.A. - BREITENER,32000,32000
32346,"32346",EOLICA MANGUE SECO 2 - GERADORA E COMERCIALIZADORA DE ENERGIA ELETRICA S.A. - MANGUE SECO 2,32000,32000
32347,"32347",PORTO VELHO TRANSMISSORA DE ENERGIA S.A. - PV,32000,32000
32348,"32348",EMPRESA DE TRANSMISSAO DE ENERGIA DO RIO GRAN,32000,32000
32349,"32349",INNOVA S.A.,32000,32000
32351,"32351",GAS BRASILIANO DISTRIBUIDORA S.A - GBD,32000,32000
32354,"32354",ESTACAO TRANSMISSORA DE ENERGIA S.A. - ETE,32000,32000
32355,"32355",RIO BRANCO TRANSMISSORA DE ENERGIA S.A. - RBT,32000,32000
32358,"32358",ENERGETICA CAMACARI MURICY I S.A. - ECM 1,32000,32000
32359,"32359",AREMBEPE ENERGIA S.A.,32000,32000
32396,"32396",AGENCIA NACIONAL DE MINERACAO,32396,32000
32397,"32397",INDUSTRIAS NUCLEARES DO BRASIL S/A,20303,32000
32398,"32398",NUCLEBRAS EQUIPAMENTOS PESADOS S/A,20302,32000
32401,"32401",AGENCIA NACIONAL DE SEGURANCA NUCLEAR,32000,32000
32431,"32431",AGENCIA NACIONAL DE SEGURANCA NUCLEAR,32000,32000
32903,"32903",TRANSPETRO BEL 09 S.A,32000,32000
32904,"32904",REFINARIA DE MUCURIPE S.A.,91084,32000
32905,"32905",REFINARIA DE MATARIPE S.A.,91084,32000
32906,"32906",REFINARIA DE MANAUS S.A.,91084,32000
32907,"32907",PARANA XISTO S.A.,91084,32000
33101,"33101",MINISTERIO DA PREVIDENCIA SOCIAL,33000,33000
33201,"33201",INSTITUTO NACIONAL DO SEGURO SOCIAL,37202,33000
33202,"33202",EMPRESA DE TECNOLOGIA E INFORMACOES DA PREVIDENCIA SOCIAL - DATAPREV,33000,33000
33205,"33205",FUND. LEGIAO BRAS. ASSISTENCIA - EM EXTINCAO,23202,33000
33206,"33206",SUPERINT.NACIONAL DE PREVIDENCIA COMPLEMENTAR,33206,33000
33901,"33901",FUNDO DE PREVIDENCIA E ASSISTENCIA SOCIAL,37202,33000
33902,"33902",FUNDO DE LIQUIDEZ DA PREVIDENCIA SOCIAL,33000,33000
33903,"33903",FUNDO NACIONAL DE ASSISTENCIA SOCIAL,55000,55000
33904,"33904",FUNDO DO REGIME GERAL DA PREVIDENCIA SOCIAL,37904,37202
33905,"33905",CODIGO INEXISTENTE NO SIAFI,-7,-7
34101,"34101",MINISTERIO PUBLICO FEDERAL,34000,34000
34102,"34102",MINISTERIO PUBLICO MILITAR,34000,34000
34103,"34103",MINISTERIO PUB.DO DIST.FEDERAL E DOS TERRIT.,34000,34000
34104,"34104",MINISTERIO PUBLICO DO TRABALHO,34000,34000
34105,"34105",ESCOLA SUPERIOR DO MINIST. PUBLICO DA UNIAO,34000,34000
34106,"34106",CONSELHO NACIONAL DO MINISTERIO PUBLICO,34000,34000
35101,"35101",MINISTERIO DAS RELACOES EXTERIORES,35000,35000
35201,"35201",FUNDACAO ALEXANDRE DE GUSMAO,35201,35000
36101,"36101",MINISTERIO DA SAUDE,-9,-9
36103,"36103",CENTRAL DE MEDICAMENTOS,-9,-9
36192,"36192",ENTIDADES SUPERVISIONADAS,-9,-9
36201,"36201",FUNDACAO OSWALDO CRUZ,36201,36000
36202,"36202",CODIGO INEXISTENTE NO SIAFI,-7,-7
36203,"36203",INSTITUTO NACIONAL DE ALIMENTACAO E NUTRICAO,-9,-9
36204,"36204",FUNDACAO DAS PIONEIRAS SOCIAIS,-9,-9
36206,"36206",INSTITUTO NACIONAL DE ASSISTENCIA MEDICA DA PREVIDENCIA SOCIAL,-9,-9
36208,"36208",HOSPITAL CRISTO REDENTOR S/A,36208,36000
36209,"36209",HOSPITAL FEMINA S/A,36209,36000
36210,"36210",HOSPITAL NOSSA SENHORA DA CONCEICAO S/A,36210,36000
36211,"36211",FUNDACAO NACIONAL DE SAUDE,36211,36000
36212,"36212",AGENCIA NACIONAL DE VIGILANCIA SANITARIA,36212,36000
36213,"36213",AGENCIA NACIONAL DE SAUDE SUPLEMENTAR,36213,36000
36215,"36215",EMPRESA BRASILEIRA DE HEMODERIVADOS E BIOTECNOLOGIA - HEMOBRAS,36000,36000
36901,"36901",FUNDO NACIONAL DE SAUDE,36000,36000
36902,"36902",CODIGO INEXISTENTE NO SIAFI,-7,-7
36903,"36903",FUNDO DA CENTRAL DE MEDICAMENTOS,-9,-9
37101,"37101",CONTROLADORIA GERAL DA UNIAO,37000,37000
37202,"37202",CODIGO INEXISTENTE NO SIAFI,-7,-7
37901,"37901",CODIGO INEXISTENTE NO SIAFI,-7,-7
38101,"38101",MINISTERIO DO TRABALHO,38000,38000
38201,"38201",FUND.JORGE DUPRAT FIG.DE SEG.E MED.DO TRAB.,37201,40000
38500,"38500",CODIGO INEXISTENTE NO SIAFI,-7,-7
38505,"38505",CODIGO INEXISTENTE NO SIAFI,-7,-7
38514,"38514",CODIGO INEXISTENTE NO SIAFI,-7,-7
38518,"38518",CODIGO INEXISTENTE NO SIAFI,-7,-7
38550,"38550",CODIGO INEXISTENTE NO SIAFI,-7,-7
38901,"38901",FUNDO DE AMPARO AO TRABALHADOR,38901,40000
38950,"38950",CODIGO INEXISTENTE NO SIAFI,-7,-7
39101,"39101",MINISTERIO DOS TRANSPORTES,39000,39000
39201,"39201",DEPARTAMENTO NACIONAL DE ESTRADAS DE RODAGEM,29201,39000
39202,"39202",COMPANHIA DE NAVEGACAO DO SAO FRANCISCO,29202,39000
39203,"39203",EMPRESA BRAS. DE PLANEJAMENTO DE TRANSPORTES,29203,39000
39204,"39204",EMPRESA DE NAVEGACAO DA AMAZONIA S/A,39000,39000
39205,"39205",EMPRESA DE TRENS URBANOS DE PORTO ALEGRE S/A,29205,56000
39207,"39207","VALEC-ENGENHARIA, CONSTRUCOES E FERROVIAS S/A",29209,39000
39208,"39208",COMPANHIA BRASILEIRA DE TRENS URBANOS,29214,56000
39210,"39210",COMPANHIA DOCAS DO CEARA,39813,39000
39211,"39211",COMPANHIA DOCAS DO ESPIRITO SANTO - CODESA,39817,39000
39212,"39212",COMPANHIA  DOCAS DO ESTADO DA BAHIA - CODEBA,39812,39000
39213,"39213",COMPANHIA DOCAS DO ESTADO DE SAO PAULO,39816,39000
39214,"39214",COMPANHIA DOCAS DO MARANHAO - CODOMAR,39000,39000
39215,"39215",COMPANHIA DOCAS DO PARA - CDP,39814,39000
39216,"39216",COMPANHIA DOCAS DO RIO DE JANEIRO- CDRJ,39811,68000
39217,"39217",COMPANAHIA DOCAS DO RIO GRANDE DO NORTE,39815,39000
39250,"39250",AGENCIA NAC. DE TRANSPORTES TERRESTRES - ANTT,39250,39000
39251,"39251",AGENCIA NAC. DE TRANSPORTES AQUAVIARIOS-ANTAQ,68201,68000
39252,"39252",DEPTO.NAC.DE INFRA-ESTRUTURA DE TRANSPORTES,39252,39000
39253,"39253",EMPRESA DE PLANEJAMENTO E LOGISTICA S.A-EPL,29209,39000
39254,"39254",AGENCIA NACIONAL DE AVIACAO CIVIL - ANAC,62201,68000
39901,"39901",FUNDO DA MARINHA MERCANTE,49901,68000
39902,"39902",FUNDO NACIONAL DE AVIACAO CIVIL - FNAC,62901,68000
39904,"39904",FUNDO NACIONAL DE DESENVOLVIMENTO FERROVIARIO,39000,39000
39905,"39905",FUNDO NACIONAL DE SEG. E EDUCACAO DO TRANSITO,56901,39000
40101,"40101",MINISTERIO DO TRABALHO E EMPREGO,40000,40000
40201,"40201",INSTITUTO NACIONAL DO SEGURO SOCIAL - INSS,37202,33000
40202,"40202",EMP.DE TEC.E INFORM.DA PREV.SOCIAL - DATAPREV,57280,46000
40203,"40203",FUNDACAO JORGE DUPRAT FIG.DE SEG.MED.TRABALHO,37201,40000
40206,"40206",SUPERINT.NACIONAL DE PREVIDENCIA COMPLEMENTAR,33206,33000
40805,"40805",CODIGO INEXISTENTE NO SIAFI,-7,-7
40901,"40901",FUNDO DE AMPARO AO TRABALHADOR - FAT,38901,40000
40904,"40904",FUNDO DO REGIME GERAL DA PREVID.SOCIAL- FRGPS,37904,37202
41101,"41101",MINISTERIO DAS COMUNICACOES,41000,41000
41201,"41201",EMPRESA BRASILEIRA DE CORREIOS E TELEGRAFOS,49280,24000
41202,"41202",TELECOMUNICACOES BRASILEIRAS S.A. - TELEBRAS,41000,41000
41231,"41231",AGENCIA NACIONAL DE TELECOMUNICACOES,41231,41000
41241,"41241",TELAMAZON CELULAR S.A.,-9,-9
41260,"41260",TELECOMUNICACOES BRASILEIRAS S.A -TELEBRAS,24216,41000
41261,"41261",EMPRESA BRASIL DE COMUNICACOES S.A - EBC,20415,20101
41901,"41901",FUNDO DE FISCALIZACAO DAS TELECOMUNICACOES,41231,41000
41902,"41902",FUNDO DE UNIVERS.DOS SERV.DE TELECOMUN-FUST,41232,41000
41903,"41903",FUNDO P/O DESENV.TECNOL.DAS TELECOM.-FUNTTEL,41903,41000
42101,"42101",MINISTERIO DA CULTURA,42000,42000
42201,"42201",FUNDACAO CASA RUI BARBOSA,20403,42000
42202,"42202",BIBLIOTECA NACIONAL,20404,42000
42203,"42203",FUNDACAO CULTURAL PALMARES,20408,42000
42204,"42204",INSTITUTO DO PATRIMONIO HIST. E ART. NACIONAL,20411,42000
42205,"42205",FUNDACAO NACIONAL DE ARTES,20412,42000
42206,"42206",AGENCIA NACIONAL DO CINEMA,20203,42000
42207,"42207",INSTITUTO BRASILEIRO DE MUSEUS,42207,42000
42901,"42901",FUNDO DE DIREITO AUTORAL,55000,55000
42902,"42902",FUNDO NACIONAL DE CULTURA,34902,42000
43101,"43101",MINISTERIO DA INTEGRACAO REGIONAL - EM EXTINCAO,-9,-9
43201,"43201",SUPERINTENDENCIA DO DESENVOLVIMENTO DO NORDESTE,-9,-9
43202,"43202",SUPERINTENDENCIA DO DESENVOLV. DA AMAZONIA,20602,53000
43203,"43203",SUPERINTENDENCIA DA ZONA FRANCA DE MANAUS,-9,-9
43204,"43204",COMPANHIA DE DESENVOLVIMENTO DE BARCARENA,20605,44000
43205,"43205",COMPANHIA DE DESENVOLVIMENTO DOS VALES DO SAO FRANCISCO E DO PARNAIBA - CODEVASF,-9,-9
43206,"43206",DEPARTAMENTO NACIONAL DE OBRAS CONTRA AS SECAS,-9,-9
43901,"43901",FUNDO DE INVESTIMENTOS DA AMAZONIA,25903,53000
43902,"43902",FUNDO DE INVESTIMENTOS DO NORDESTE,25902,53000
43903,"43903",FUNDO ESPECIAL PARA CALAMIDADES PUBLICAS,-9,-9
44101,"44101",MINIST. DO MEIO AMBIENTE E MUDANCA DO CLIMA,44000,44000
44102,"44102",SERVICO FLORESTAL BRASILEIRO - SFB,44208,44000
44201,"44201",INST.BRAS.DO MEIO AMB.E REC.NAT.RENOVAVEIS,20701,44000
44202,"44202",COMPANHIA DE DESENVOLVIMENTO DE BARCARENA,20605,44000
44203,"44203",COMPANHIA DE DESENVOLVIMENTO DO VALE DO SAO FRANCISCO,-9,-9
44204,"44204",DEPARTAMENTO NACIONAL DE OBRAS CONTRA AS SECAS,-9,-9
44205,"44205",AGENCIA NACIONAL DE AGUAS - ANA,44205,53000
44206,"44206",INSTITUTO DE PESQUISAS JARDIM BOTANICO DO RJ,44206,44000
44207,"44207",INST.CHICO MENDES DE CONSER.DA BIODIVERSIDADE,44207,44000
44208,"44208",SERVICO FLORESTAL BRASILEIRO,44208,44000
44901,"44901",FUNDO NACIONAL DO MEIO AMBIENTE,44204,44000
44902,"44902",FUNDO NACIONAL SOBRE MUDANCAS DO CLIMA,44902,44000
45101,"45101",ADVOCACIA-GERAL DA UNIAO,20114,20114
46101,"46101",MINIST.DA GESTAO E DA INOVACAO EM SERV.PUBLIC,46000,46000
46102,"46102",ARQUIVO NACIONAL,46000,46000
46201,"46201",FUNDACAO ESCOLA NACIONAL DE ADM.PUBLICA-ENAP,20202,46000
46203,"46203",INSTITUTO NACIONAL TECNOLOGIA DA INFORMACAO,24208,46000
46901,"46901",FUNDO ROTATIVO HABITACIONAL DE BRASILIA,20103,20103
46902,"46902","FUNDO ESPECIAL DE FORMACAO, QUALIFICACAO, TREINAMENTO E DESENVOLVIMENTO DO SERVIDOR PUBLICO",-9,-9
47101,"47101",MINISTERIO DO PLANEJAMENTO E ORCAMENTO,47000,47000
47102,"47102",SECRETARIA DE ESTADO DA ADM. E DO PATRIMONIO,25000,25000
47201,"47201",SUPERINTENDENCIA DO DESENVOLVIM. DO NORDESTE,20601,53000
47202,"47202",SUPERINTENDENCIA DO DESENVOLVIM. DA AMAZONIA,20602,53000
47203,"47203",SUPERINTENDENCIA DA ZONA FRANCA DE MANAUS,-9,-9
47204,"47204",INSTITUTO DE PESQUISA ECONOMICA APLICADA,61201,47000
47205,"47205",FUNDACAO INST.BRAS.DE GEOGRAFIA E ESTATISTICA,25205,47000
47206,"47206",BANCO NACIONAL DE DESENV. ECONOMICO E SOCIAL,45282,28000
47210,"47210",ESCOLA NACIONAL DA ADMINISTRACAO PUBLICA-ENAP,20202,46000
47214,"47214",AUTORIDADE PUBLICA OLIMPICA - APO,47214,20113
47216,"47216",AG.BRAS.GEST.DE FUN.GAR. E GARANTIAS S/A-ABGF,25289,25000
47901,"47901",FUNDO NACIONAL DE DESENVOLVIMENTO,-9,-9
47902,"47902",FUNDO DE INVESTIMENTOS DA AMAZONIA,25903,53000
47903,"47903",FUNDO DE INVESTIMENTOS DO NORDESTE,25902,53000
47904,"47904",FUNDO ESPECIAL PARA CALAMIDADES PUBLICAS,-9,-9
47905,"47905",FUNDO DE CUSTEIO DE PROGRAMAS DE HAB. POPULAR,25000,25000
47908,"47908",FUNDO DE GAR.P/PROMOC.DA COMPETITIVIDADE-FGPC,28500,28000
48201,"48201",INSTITUTO NACIONAL DE DESENVOLV. DO DESPORTO,26295,51000
49101,"49101",MINIST.DO DESENVOLV.AGRARIO E AGRI.FAMILIAR,49000,49000
49201,"49201",INSTITUTO NAC. DE COLONIZACAO E REF. AGRARIA,22201,49000
49202,"49202",COMPANHIA NACIONAL DE ABASTECIMENTO,22211,49000
49901,"49901",FUNDO DE TERRAS E DA REF.AGRARIA-B.DA TERRA,49001,49000
50101,"50101",GABINETE DO MINISTRO EXTRAORDINARIO DE PROJETOS ESPECIAIS,-9,-9
50201,"50201",COMISSAO NACIONAL DE ENERGIA NUCLEAR - CNEN,20301,24000
50202,"50202",NUCLEBRAS EQUIPAMENTOS PESADOS S/A - NUCLEP,20302,32000
50203,"50203",INDUSTRIAS NUCLEARES DO BRASIL S/A - INB,20303,32000
50204,"50204",AGENCIA ESPACIAL BRASILEIRA - AEB,20402,24000
51101,"51101",MINISTERIO DO ESPORTE,51000,51000
51201,"51201",EMBRATUR - INSTITUTO BRASILEIRO DE TURISMO,20604,54000
51202,"51202",INSTITUTO NAC.DE DESENV.DO DESPORTO - INDESP,55000,55000
51204,"51204",AUTORIDADE PUBLICA OLIMPICA - APO,55000,55000
51205,"51205",AUTORID.DE GOVERNANCA DO LEGADO OLIMPICO-AGLO,55000,55000
51901,"51901",FUNDO GERAL DE TURISMO - FUNGETUR,20604,54000
52100,"52100",MINISTERIO DA DEFESA-RECEITAS ESPECIFICAS,52000,52000
52101,"52101",MINISTERIO DA DEFESA,52000,52000
52110,"52110",COMANDO DA AERONAUTICA - RECEITAS ESPECIFICAS,52111,52000
52111,"52111",COMANDO DA AERONAUTICA,52111,52000
52120,"52120",COMANDO DO EXERCITO-RECEITAS ESPECIFICAS,52121,52000
52121,"52121",COMANDO DO EXERCITO,52121,52000
52130,"52130",COMANDO DA MARINHA-RECEITAS ESPECIFICAS,52131,52000
52131,"52131",COMANDO DA MARINHA,52131,52000
52132,"52132",TRIBUNAL MARITIMO,52131,52000
52133,"52133",SECRET.DA COMISSAO INTERMIN.P/OS REC.DO MAR,52131,52000
52201,"52201",AGENCIA NACIONAL DE AVIACAO CIVIL,52201,52000
52211,"52211",CAIXA DE FINANC. IMOBILIARIO DA AERONAUTICA,52211,52111
52212,"52212",EMPRESA BRAS.DE INFRA-ESTRUTURA AEROPORTUARIA,52212,52000
52221,"52221",INDUSTRIA DE MATERIAL BELICO DO BRASIL-IMBEL,52221,52121
52222,"52222",FUNDACAO OSORIO,52222,52121
52231,"52231",EMPRESA GERENCIAL DE PROJETOS NAVAIS-EMGEPRON,52231,52131
52232,"52232",CAIXA DE CONST.DE CASAS DO PESSOAL DA MARINHA,31280,52131
52233,"52233",AMAZONIA AZUL TECNOLOGIAS DE DEFESA S.A.,52233,52131
52901,"52901",FUNDO DO MINISTERIO DA DEFESA,52000,52000
52902,"52902",FUNDO DE ADM. DO HOSPITAL DAS FORCAS ARMADAS,52000,52000
52903,"52903",FUNDO DO SERVICO MILITAR,52000,52000
52910,"52910",FUNDO AERONAUTICO - RECEITAS ESPECIFICAS,52911,52111
52911,"52911",FUNDO AERONAUTICO,52911,52111
52912,"52912",FUNDO AEROVIARIO,52912,52201
52920,"52920",FUNDO DO EXERCITO - RECEITAS ESPECIFICAS,52904,52121
52921,"52921",FUNDO DO EXERCITO,52904,52121
52930,"52930",FUNDO NAVAL - RECEITAS ESPECIFICAS,52132,52131
52931,"52931",FUNDO NAVAL,52132,52131
52932,"52932",FUNDO DE DESENV.DO ENS.PROFISSIONAL MARITIMO,52133,52131
53101,"53101",MIN. DA INTEGR. E DO DESENVOLVIMENTO REGIONAL,53000,53000
53201,"53201",COMPANHIA DE DESENV. DO VALE DO SAO FRANCISCO,22203,53000
53202,"53202",SUPERINTEND.DO DESENVOLV.DA AMAZONIA-SUDAM,53202,53000
53203,"53203",SUPERINT. DO DESENVOLV. DO NORDESTE - SUDENE,53203,53000
53204,"53204",DEPARTAMENTO NAC. DE OBRAS CONTRA AS SECAS,22204,53000
53205,"53205",AGENCIA DE DESENVOLVIMENTO DA AMAZONIA,53205,53000
53206,"53206",AGENCIA DE DESENVOLVIMENTO DO NORDESTE-ADENE,53206,53000
53207,"53207",SUPERINT. DE DESENV. DO CENTRO-OESTE - SUDECO,53207,53000
53208,"53208",EMPRESA DE TRENS URBANOS DE PORTO ALEGRE S/A,29205,56000
53209,"53209",COMPANHIA BRASILEIRA DE TRENS URBANOS - CBTU,29214,56000
53210,"53210",AGENCIA NACIONAL DE AGUAS - ANA,44205,53000
53901,"53901",FUNDO CONST.DE FINANCIAMENTO DO NORTE - FNO,53901,53000
53902,"53902",FUNDO CONST.DE FINANCIAM.DO CENTRO-OESTE-FCO,53902,53000
53903,"53903",FUNDO CONST.DE FINANCIAMENTO DO NORDESTE-FNE,53903,53000
53904,"53904",FUNDO DE DESENVOLVIMENTO DA AMAZONIA - FDA,74917,53202
53905,"53905",FUNDO DE DESENVOLVIMENTO DO NORDESTE - FDNE,74918,53203
53906,"53906",FUNDO NAC.DE HABIT.DE INTERESSE SOCIAL-FNHIS,56902,56000
54101,"54101",MINISTERIO DO TURISMO,54000,54000
54201,"54201",INSTITUTO BRASILEIRO DE TURISMO,20604,54000
54202,"54202",FUNDACAO CASA DE RUI BARBOSA,20403,42000
54203,"54203",FUNDACAO BIBLIOTECA NACIONAL,20404,42000
54204,"54204",FUNDACAO CULTURAL PALMARES,20408,42000
54205,"54205",FUNDACAO NACIONAL DE ARTES,20412,42000
54206,"54206",INST. DO PATRIM. HIST. E ARTISTICO NACIONAL,20411,42000
54207,"54207",AGENCIA NACIONAL DO CINEMA,20203,42000
54208,"54208",INSTITUTO BRASILEIRO DE MUSEUS,42207,42000
54901,"54901",FUNDO GERAL DE TURISMO,54901,54000
54902,"54902",FUNDO NACIONAL DE CULTURA,34902,42000
55101,"55101","MIN.DESENV.E ASSIT.SOCIAL,FAM.E COMBATE FOME",55000,55000
55201,"55201",INSTITUTO NACIONAL DO SEGURO SOCIAL - INSS,37202,33000
55202,"55202",AUTORID.DE GOVERNANCA DO LEGADO OLIMPICO-AGLO,55000,55000
55203,"55203",FUNDACAO CASA DE RUI BARBOSA,20403,42000
55204,"55204",FUNDACAO BIBLIOTECA NACIONAL - BN,20404,42000
55205,"55205",FUNDACAO CULTURAL PALMARES,20408,42000
55206,"55206",FUNDACAO NACIONAL DE ARTES,20412,42000
55207,"55207",INST. DO PATRIM. HIST. E ARTISTICO NACIONAL,20411,42000
55208,"55208",AGENCIA NACIONAL DO CINEMA,20203,42000
55209,"55209",INSTITUTO BRASILEIRO DE MUSEUS,42207,42000
55901,"55901",FUNDO NACIONAL DE ASSISTENCIA SOCIAL,55001,55000
55902,"55902",FUNDO DO REGIME GERAL DA PREVID.SOCIAL-FRGPS,37904,37202
55903,"55903",FUNDO NACIONAL DE CULTURA,34902,42000
56101,"56101",MINISTERIO DAS CIDADES,56000,56000
56201,"56201",EMPRESA DE TRENS URBANOS DE PORTO ALEGRE S/A,29205,56000
56202,"56202",COMPANHIA BRASILEIRA DE TRENS URBANOS - CBTU,29214,56000
56901,"56901",FUNDO NACIONAL DE SEG. E EDUCACAO DO TRANSITO,56901,39000
56902,"56902",FUNDO NAC.DE HABIT.DE INTERESSE SOCIAL-FNHIS,56902,56000
57101,"57101","MIN.DAS MULH., DA IG.RACIAL E DOS DIR.HUMANOS",81000,81000
57901,"57901",FUNDO NACIONAL PARA A CRIANCA E O ADOLESCENTE,64901,57000
57902,"57902",UNIDADE ORCAMENTARIA PARA FNI,64902,57000
58101,"58101",MINISTERIO DA PESCA E AQUICULTURA,58000,58000
59101,"59101",CONSELHO NACIONAL DO MINISTERIO PUBLICO-CNMP,59000,59000
60101,"60101",GABINETE DA VICE-PRESIDENCIA DA REPUBLICA,60000,20000
61101,"61101",SECRETARIA DE ASSUNTOS ESTRATEGICOS,61000,20101
61201,"61201",INSTITUTO DE PESQUISA ECONOMICA APLICADA,61201,47000
62101,"62101",SECRETARIA DE AVIACAO CIVIL - SAC/PR,68000,68000
62201,"62201",AGENCIA NACIONAL DE AVIACAO CIVIL,62201,68000
62213,"62213",EMPRESA BRASILEIRA DE INFRA-ESTRUTURA AEROPOR,62000,39000
62901,"62901",FUNDO NACIONAL DE AVIACAO CIVIL,62901,68000
63101,"63101",ADVOCACIA-GERAL DA UNIAO - AGU,63000,63000
63102,"63102",CODIGO INEXISTENTE NO SIAFI,-7,-7
64101,"64101",MINIST. DOS DIREITOS HUMANOS E DA CIDADANIA,64000,64000
64901,"64901",FUNDO NAC. P/A CRIANCA E O ADOLESCENTE - FNCA,30913,81000
64902,"64902",FUNDO NACIONAL DO IDOSO - FNI,30914,81000
65101,"65101",MINISTERIO DAS MULHERES,65000,65000
66101,"66101",CONTROLADORIA-GERAL DA UNIAO,37000,37000
67101,"67101",MINISTERIO DA IGUALDADE RACIAL,67000,67000
68101,"68101",MINISTERIO DE PORTOS E AEROPORTOS,68000,68000
68201,"68201",AGENCIA NAC. DE TRANSPORTES AQUAVIARIOS-ANTAQ,68201,68000
68205,"68205",COMPANHIA DOCAS DO CEARA - CDC,68000,68000
68206,"68206",COMPANHIA DOCAS DO ESPIRITO SANTO - CODESA,68000,68000
68207,"68207",COMPANHIA DAS DOCAS DO ESTADO DA BAHIA - CODE,68000,68000
68208,"68208",COMPANHIA DOCAS DO ESTADO DE SAO PAULO - CODE,68000,68000
68210,"68210",COMPANHIA DOCAS DO PARA - CDP,68000,68000
68211,"68211",COMPANHIA DOCAS DO RIO DE JANEIRO - CDRJ,68000,68000
68212,"68212",COMPANHIA DOCAS DO RIO GRANDE DO NORTE - CODE,68000,68000
68213,"68213",AGENCIA NACIONAL DE AVIACAO CIVIL,62201,68000
68901,"68901",FUNDO DA MARINHA MERCANTE,49901,68000
68902,"68902",FUNDO NACIONAL DE AVIACAO CIVIL,62901,68000
69101,"69101",SECRETARIA DA MICRO E PEQUENA EMPRESA-SMPE/PR,69000,69000
71101,"71101",RECURSOS SOB SUPERVISAO DO MF - EFU,25000,25000
71102,"71102",RECURSOS SOB SUPERVISAO DO MPO,47000,47000
71103,"71103",ENCARGOS FINANC.DA UNIAO-SENTENCAS JUDICIAIS,25000,25000
71104,"71104",REMUN.DE AGENTES FINANC. - REC.SOB SUPERV./MF,25000,25000
71106,"71106",INAT.E PENS.DA ADM.DIR.POD.EXEC.-REC.S/SUP.ME,25000,25000
71117,"71117",RECURSOS SOB SUPERVISAO DO MAPA,22000,22000
71118,"71118",RECURSOS SOB SUPERVISAO DO MME,32000,32000
71119,"71119",RECURSOS SOB SUPERVISAO DO MDR,56000,56000
71901,"71901",FUNDO CONTINGENTE DA EXTINTA RFFSA,25000,25000
71902,"71902",FUNDO SOBERANO DO BRASIL,25000,25000
71903,"71903",FUNDO SOCIAL - FS,20101,20000
71904,"71904",FUNDO DE ESTAB.DO SEG.RURAL-FESR-R.S/SUP.MF,25000,25000
71905,"71905",FUNDO DE GAR. A EXPORTACAO-FGE-REC.SOB SUP.MF,25000,25000
71906,"71906",FUNDO ESPECIAL DE FINANCIAMENTO DE CAMPANHA,20101,20000
72101,"72101",EPU/RSS - CAMARA DOS DEPUTADOS,1000,1000
72102,"72102",EPU/RSS - SENADO FEDERAL,2000,2000
72103,"72103",EPU/RSS - TRIBUNAL DE CONTAS DA UNIAO,3000,3000
72110,"72110",EPU/RSS - SUPREMO TRIBUNAL FEDERAL,10000,10000
72111,"72111",EPU/RSS - SUPERIOR TRIBUNAL DE JUSTICA,11000,11000
72112,"72112",EPU/RSS - JUSTICA FEDERAL,12000,12000
72113,"72113",EPU/RSS - JUSTICA MILITAR,13000,13000
72114,"72114",EPU/RSS - JUSTICA ELEITORAL,14000,14000
72115,"72115",EPU/RSS - JUSTICA DO TRABALHO,15000,15000
72116,"72116",EPU/RSS - JUSTICA DO DF E TERRITORIOS,16000,16000
72121,"72121",EPU - REC. SOB SUPERVISAO DO MIN. AERONAUTICA,52111,52000
72122,"72122",EPU - REC. SOB SUPERVISAO DO MARA,22000,22000
72123,"72123",EPU - REC. SOB SUPERV. MIN. BEM-ESTAR SOCIAL,23000,23000
72124,"72124",EPU - REC.SOB SUPERV.MIN.CIENCIA E TECNOLOGIA,24000,24000
72125,"72125",EPU - REC. SOB SUPERV. MIN. DA FAZENDA,25000,25000
72126,"72126",EPU-REC.SOB SUPERV.MIN.EDUCACAO E DO DESPORTO,26000,26000
72127,"72127",EPU - REC. SOB SUPERV. DO MIN. EXERCITO,52121,52000
72128,"72128","EPU-RSS MIN. IND., DO COMERCIO E DO TURISMO",25000,25000
72130,"72130",EPU - REC. SOB SUPERV. MIN. DA JUSTICA,30000,30000
72132,"72132",EPU - REC.SOB SUPERV. MIN. DE MINAS E ENERGIA,32000,32000
72133,"72133",EPU-REC.SOB SUPERV.MIN.DA PREVIDENCIA SOCIAL,33000,33000
72134,"72134",RECURSOS SOB SUPERVISAO DO MPU,34000,34000
72135,"72135",RECURSOS SOB SUPERVISAO DO MRE,35000,35000
72138,"72138",RECURSOS SOB SUPERVISAO DO MTA,38000,38000
72139,"72139",RECURSOS SOB SUPERVISAO DO MT,39000,39000
72140,"72140",RECURSOS SOB GESTAO DO MGI,46000,46000
72141,"72141",RECURSOS SOB SUPERVISAO DO MC,41000,41000
72142,"72142",RECURSOS SOB SUPERVISAO DO MINC,55000,55000
72143,"72143",RECURSOS SOB SUPERVISAO DO MINISTERIO DA INTEGRACAO REGIONAL,-9,-9
72144,"72144",RECURSOS SOB SUPERVISAO DO MMA,44000,44000
72145,"72145",EPU/RSS - ADVOCACIA-GERAL DA UNIAO,20114,20114
72146,"72146",RECURSOS SOB SUPERVISAO DO MGI,46000,46000
72152,"72152",RECURSOS SOB SUPER. DO MINISTERIO DA DEFESA,52000,52000
72173,"72173",RECURSOS SOB SUPERVISAO DO GDF,25000,25000
72176,"72176",RECURSOS SOB SUPERVISAO DO GAB.DA VICE-PR,60000,20000
72177,"72177",RECURSOS SOB SUPERVISAO DA SAE,20104,20000
72178,"72178",RECURSOS SOB SUPERVISAO DO EMFA,52000,52000
72187,"72187",RECURSOS SOB SUPERVISAO DA SECRETARIA DA ADMINISTRACAO FEDERAL,-9,-9
72193,"72193",RECURSOS SOB SUPERVISAO DA SEPLAN,25000,25000
72225,"72225",RECURSOS SOB SUPERVISAO DA RFB,46000,46000
72233,"72233",RECURSOS SOB SUPERVISAO DO INSS,37202,33000
73101,"73101",RECURSOS SOB SUPERVISAO DO MF,25000,25000
73104,"73104",RECURSOS SOB SUPERVISAO DO MME-TR.EST.DF MUN.,32000,32000
73105,"73105",GOV.DO DF-REC.S/SUP.DO MF-TRF.GDF/MF,25000,25000
73106,"73106",RECURSOS SOB SUPERVISAO DO MARA - TRF.MARA,22000,22000
73107,"73107",RECURSOS SOB SUPERVISAO DO MEC,26298,26000
73108,"73108",TRANSF.CONSTITUCIONAIS-REC.SOB SUP. MF,25000,25000
73109,"73109",RECURSOS SOB SUPERV.MIN.DO ESPORTE E TURISMO,55000,55000
73110,"73110",TRANSF.CONSTITUCIONAIS-RECUR.S/SUPERV.DO MDA,49000,49000
73111,"73111",RECURSOS SOB SUPERV. DO MIN. DO MEIO AMBIENTE,44208,44000
73113,"73113",RECURSOS SOB SUPERVISAO DO MGI,46000,46000
73115,"73115",REC. SOB SUP. MINIST. AGRICULTURA E PECUARIA,44208,44000
73116,"73116",RECURSOS SOB SUPERVISAO DA ANP,32205,32000
73117,"73117",REC. SOB SUP. MINIST. TURISMO - SECULT,54000,54000
73118,"73118",RECURSOS SOB SUPERVISAO DA ANEEL,32210,32000
73119,"73119",RECURSOS SOB SUPERVISAO DA ANM,32396,32000
73120,"73120",RECURSOS POLITICA NACIONAL ALDIR BLANC,34902,42000
73901,"73901",FUNDO CONSTITUCIONAL DO DISTRITO FEDERAL-FCDF,25915,25000
74101,"74101",RECURSOS SOB SUPERV. DO MIN. FAZENDA - OOC/MF,25000,25000
74102,"74102",RECURSOS SOB SUPERVISAO DO MIN. DA FAZENDA,25000,25000
74103,"74103",RECURSOS SOB SUPERVISAO DO MEC,26000,26000
74104,"74104",REC. SOB SUP. MINIST. AGRICULTURA E PECUARIA,22000,22000
74119,"74119",RECURSOS SOB SUPERVISAO DO MDA,49000,49000
74120,"74120",RECURSOS SOB SUPERVISAO DO MEMPE,69000,69000
74201,"74201",RECURSOS SOB SUPERV. DA SUSEP-MF,25208,25000
74202,"74202",RECURSOS SOB SUPERVISAO DA ANS,36213,36000
74203,"74203",REC. SOB SUPERVISAO DO INCRA-MDA,22201,49000
74204,"74204",REC.S/SUP. CAIXA CONST.CASAS P/PESSOAL DA MB,31280,52131
74205,"74205",REC.SOB SUP.CAIXA DE FIN.IMOB.DA AERONAUTICA,52211,52111
74901,"74901",RECURSOS SOB SUPERVISAO DO FUNCAFE/MAPA,22905,22000
74902,"74902",RECURSOS SOB SUPERVISAO DO FIES,26298,26000
74903,"74903",RECURSOS SOB SUPERVISAO DO FND/MDIC,20924,46000
74904,"74904",REC.SOB SUP./FUNDO DA MAR.MERCANTE/FMM-PORTOS,68000,68000
74905,"74905",RECURSOS SOB SUPERVISAO DO FUNTTEL,41903,41000
74906,"74906",REC.S/SUP.FUNDO/TERRAS REF.AG.-BANCO DA TERRA,49001,49000
74907,"74907",RECURSOS SOB SUPERV.DO MIN.DA INTEG.NACIONAL,53000,53000
74908,"74908",RECURSOS SOB SUPERVISAO DO FUNGETUR/MTUR,54901,54000
74909,"74909",REC.SOB SUPERV.DO FUNDO NAC.DE DESENV.REG.-MF,25000,25000
74910,"74910",REC.S/SUP.DO FUNDO NAC.DES.CIENT.E TEC.-FNDCT,24901,24000
74911,"74911",REC.S/SUP.DO FUNDO NAC.HAB.DE INT.SOC.-FNHIS,56902,56000
74912,"74912",RECURSOS SOB SUPERV. DO FUNDO NAC. DE CULTURA,34902,42000
74913,"74913",RECURSOS SOB SUPERVISAO DO FNO-MDR,53901,53000
74914,"74914",RECURSOS SOB SUPERVISAO DO FCO-MDR,53902,53000
74915,"74915",RECURSOS SOB SUPERVISAO DO FNE-MDR,53903,53000
74916,"74916",REC.S/SUP.DO FUNDO NAC. S/MUDANCAS DO CLIMA,44902,44000
74917,"74917",RECURSOS SOB SUPERVISAO DO FDA-MDR,74917,53202
74918,"74918",RECURSOS SOB SUPERVISAO DO FDNE-MDR,74918,53203
74919,"74919",FUNDO DE DESENV. DO CENTRO-OESTE-FDCO-MDR,74919,53207
74920,"74920",REC SOB SUPERV FUNDO UNIV SERV TELECOM FUST,41232,41000
74921,"74921",RECURSOS SOB SUPERVISAO DO FIIS/PR,20101,20000
75101,"75101",REC.SOB SUPERV. DO ME - DIVIDA PUB FED,25000,25000
77777,"77777",CADASTRO DE OBRIGACOES,25000,25000
79904,"79904",SEM EFEITO - CODIGO PODE SER REAPROVEITADO,25000,25000
80192,"80192",ENTIDADES SUPERVISIONADAS,-9,-9
80202,"80202",SUPERINTENDENCIA DO DESENVOLVIMENTO DA REGIAO SUL,-9,-9
80203,"80203",DEPARTAMENTO NACIONAL DE OBRAS DE SANEAMENTO,-9,-9
80204,"80204",INSTITUTO DO ACUCAR E DO ALCOOL,-9,-9
80209,"80209",EMPRESA BRASILEIRA DE TRANSPORTES URBANOS,-9,-9
81101,"81101",MINISTERIO DOS DIREITOS HUMANOS - MDH,81000,81000
81201,"81201",FUNDACAO NACIONAL DO INDIO - FUNAI,30202,84000
81901,"81901",FUNDO NAC.PARA A CRIANCA E O ADOLESCENTE-FNCA,30913,81000
81902,"81902",FUNDO NACIONAL DO IDOSO - FNI,30914,81000
82101,"82101",MINISTERIO DA SEGURANCA PUBLICA,30000,30000
82102,"82102",DEPARTAMENTO DE POLICIA FEDERAL,30000,30000
82103,"82103",DEPARTAMENTO DE POLICIA RODOVIARIA FEDERAL,30000,30000
82901,"82901",FUNDO PENITENCIARIO NACIONAL - FUNPEN,30000,30000
82902,"82902",FUNDO NACIONAL DE SEGURANCA PUBLICA - FNSP,30000,30000
83201,"83201",BANCO CENTRAL DO BRASIL,25201,25201
84101,"84101",MINISTERIO DOS POVOS INDIGENAS - ADM DIRETA,84000,84000
84201,"84201",FUNDACAO NACIONAL DOS POVOS INDIGENAS,30202,84000
90000,"90000",RESERVA DE CONTINGENCIA,90000,25000
91000,"91000",ENTIDADES QUE UTILIZAM CONTA UNICA - TCT,91000,91000
91001,"91001",EMP.BRASIL.DE CORREIOS E TELEG./ECT-CTA.UNICA,49280,24000
91002,"91002",REDE FERROVIARIA FEDERAL S/A - CONTA UNICA,38299,39000
91003,"91003",GOVERNO DO DISTRITO FEDERAL - DAR/CONTA UNICA,91001,91001
91004,"91004",PREFEITURA DE SAO LUIS ± DAR/CONTA UNICA,91002,91002
91005,"91005",AUTORIDADE PUBLICA OLIMPICA - APO/FEDERAL,91214,51000
91006,"91006",AUTORIDADE PUBLICA OLIMPICA - APO/ESTADUAL,91214,51000
91007,"91007",AUTORIDADE PUBLICA OLIMPICA - APO/MUNICIPAL,91214,51000
92001,"92001",PREFEITURA MUNICIPAL DE GOIANESIA,92001,92001
92002,"92002",CAMARA MUNICIPAL DE GOIANESIA,92001,92001
92003,"92003",FUNDO DE PREVIDENCIA SOCIAL-MUNIC.GOIANESIA,92001,92001
92101,"92101",CAMARA MUNICIPAL DE VEREADORES - GOIANESIA,92001,92001
92301,"92301",GABINETE DO PREFEITO DE GOIANESIA,92001,92001
92302,"92302",PROCURADORIA JURIDICA - PREFEITURA GOIANESIA,92001,92001
92303,"92303",ASSESSORIA DE PLANEJAMENTO E COORDENACAO,92001,92001
92304,"92304",DIRETORIA DE COMUNICACAO - PREF.GOIANESIA,92001,92001
92305,"92305",SECRETARIA DE ADMINISTRACAO E FINANCAS,92001,92001
92306,"92306","SECRETARIA DE EDUCACAO, CULTURA E ESPORTE",92001,92001
92307,"92307",SECRETARIA DE PROMOCAO SOCIAL,92001,92001
92308,"92308",SECRETARIA DE INFRA-ESTRUTURA E MEIO AMBIENTE,92001,92001
92309,"92309",SECRETARIA DE SAUDE - PREFEITURA GOIANESIA,92001,92001
92310,"92310",SECRETARIA DE DESENV. CIENCIA E TECNOLOGIA,92001,92001
92311,"92311",GABINETE DO CONTROLE INTERNO,92001,92001
92330,"92330",MUNICIPIO DE GOIANESIA ± FUNPREVS,92001,92001
92340,"92340",MUNICIPIO DE GOIANESIA ± FUNDO MUN. DA SAUDE,92001,92001
92350,"92350",MUNICIPIO DE GOIANESIA ± FUNDEF,92001,92001
92999,"92999",RESERVA DE CONTINGENCIA,92001,92001
93102,"93102",REC.SOB SUPERV.DO FUNDO REG.GERAL PREV.SOCIAL,37904,37202
93103,"93103",REC.SOB SUPERV. DO FUNDO NAC.DE ASSIST.SOCIAL,55001,55000
93104,"93104",REC. SOB SUPERV. SEC.TES.NAC. MIN. ECONOMIA,25000,25000
93105,"93105",RECURSO SOB SUPERVISAO MINISTERIO ECONOMIA,25000,25000
93106,"93106",REC. SOB SUPERV. DO MINISTERIO DA CIDADANIA,55000,55000
93107,"93107",RECURSOS SOB SUPERV.DA CAMARA DOS DEPUTADOS,1000,1000
93108,"93108",RECURSOS SOB SUPERVISAO DO SENADO FEDERAL,2000,2000
93109,"93109",REC. SOB. SUPERV. TRIBUNAL DE CONTAS DA UNIAO,3000,3000
93110,"93110",REC SOB SUPERVISAO DO SUPREMO TRIBUNAL FEDERA,10000,10000
93111,"93111",REC. SOB. SUP. SUPERIOR TRIBUNAL DE JUSTICA,11000,11000
93112,"93112",REC. SOB. SUP. JUSTICA FED. DE PRIMEIRO GRAU,12000,12000
93113,"93113",REC. SOB. SUP. TR. REG. FED. DA 1A. REGIAO,12000,12000
93114,"93114",REC. SOB. SUP. TR. REG. FED. DA 2A. REGIAO,12000,12000
93115,"93115",REC. SOB. SUP. TR. REG. FED. DA 3A. REGIAO,12000,12000
93116,"93116",REC. SOB. SUP. TR. REG. FED. DA 4A. REGIAO,12000,12000
93117,"93117",REC. SOB. SUP. TR. REG. FED. DA 5A. REGIAO,12000,12000
93118,"93118",REC. SOB. SUPERV. JUSTICA MILITAR DA UNIAO,13000,13000
93119,"93119",REC. SOB. SUPERV. TRIBUNAL SUPERIOR ELEITORAL,14000,14000
93120,"93120",REC. SOB. SUP. TR. REGIONAL ELEITORAL DO ACRE,14000,14000
93121,"93121",REC. SOB. SUP. TR. REG. ELEIT. DE ALAGOAS,14000,14000
93122,"93122",REC. SOB. SUP. TR. REG. ELEIT. DO AMAZONAS,14000,14000
93123,"93123",REC. SOB. SUP. TR. REG. ELEIT. DA BAHIA,14000,14000
93124,"93124",REC. SOB. SUP. TR. REG. ELEIT. DO CEARA,14000,14000
93125,"93125",REC. SOB. SUP. TRE DF,14000,14000
93126,"93126",REC. SOB. SUP. TRE ES,14000,14000
93127,"93127",REC. SOB. SUP. TR. REG. ELEIT. DE GOIAS,14000,14000
93128,"93128",REC. SOB. SUP. TR. REG. ELEIT. DO MARANHAO,14000,14000
93129,"93129",REC. SOB. SUP. TR. REG. ELEIT. DE MATO GROSSO,14000,14000
93130,"93130",REC. SOB. SUP. TRE MS,14000,14000
93131,"93131",REC. SOB. SUP. TRE MG,14000,14000
93132,"93132",REC. SOB. SUP. TR. REGIONAL ELEITORAL DO PARA,14000,14000
93133,"93133",REC. SOB. SUP. TR. REG. ELEIT. DA PARAIBA,14000,14000
93134,"93134",REC. SOB. SUP. TR. REG. ELEIT. DO PARANA,14000,14000
93135,"93135",REC. SOB. SUP. TR. REG. ELEIT. DE PERNAMBUCO,14000,14000
93136,"93136",REC. SOB. SUP. TR. REG. ELEIT. DO PIAUI,14000,14000
93137,"93137",REC. SOB. SUP. TRE RJ,14000,14000
93138,"93138",REC. SOB. SUP. TRE RN,14000,14000
93139,"93139",REC. SOB. SUP. TRE RS,14000,14000
93140,"93140",REC. SOB. SUP. TR. REG. ELEIT. DE RONDONIA,14000,14000
93141,"93141",REC. SOB. SUP. TRE SC,14000,14000
93142,"93142",REC. SOB. SUP. TR. REG. ELEIT. DE SAO PAULO,14000,14000
93143,"93143",REC. SOB. SUP. TR. REG. ELEIT. DE SERGIPE,14000,14000
93144,"93144",REC. SOB. SUP. TR. REG. ELEIT. DE TOCANTINS,14000,14000
93145,"93145",REC. SOB. SUP. TR. REG. ELEIT. DE RORAIMA,14000,14000
93146,"93146",REC. SOB. SUP. TR. REG. ELEIT. DO AMAPA,14000,14000
93147,"93147",REC. SOB. SUP. TRIBUNAL SUPERIOR DO TRABALHO,15000,15000
93148,"93148",REC. SOB. SUP. TRT 1A. REG. - RJ,15000,15000
93149,"93149",REC. SOB. SUP. TRT 2A. REG. - SP,15000,15000
93150,"93150",REC. SOB. SUP. TRT 3A. REG. - MG,15000,15000
93151,"93151",REC. SOB. SUP. TRT 4A. REG. - RS,15000,15000
93152,"93152",REC. SOB. SUP. TRT 5A. REG. - BA,15000,15000
93153,"93153",REC. SOB. SUP. TRT 6A. REG. - PE,15000,15000
93154,"93154",REC. SOB. SUP. TRT 7A. REG. - CE,15000,15000
93155,"93155",REC. SOB. SUP. TRT 8A. REG. - PA/AP,15000,15000
93156,"93156",REC. SOB. SUP. TRT 9A. REG. - PR,15000,15000
93157,"93157",REC. SOB. SUP. TRT 10A. REG. - DF/TO,15000,15000
93158,"93158",REC. SOB. SUP. TRT 11A. REG. - AM/RR,15000,15000
93159,"93159",REC. SOB. SUP. TRT 12A. REG. - SC,15000,15000
93160,"93160",REC. SOB. SUP. TRT 13A. REG. - PB,15000,15000
93161,"93161",REC. SOB. SUP. TRT 14A. REG. - RO/AC,15000,15000
93162,"93162",REC. SOB. SUP. TRT 15A. REG. - CAMPINAS/SP,15000,15000
93163,"93163",REC. SOB. SUP. TRT 16A. REG. - MA,15000,15000
93164,"93164",REC. SOB. SUP. TRT 17A. REG. - ES,15000,15000
93165,"93165",REC. SOB. SUP. TRT 18A. REG. - GO,15000,15000
93166,"93166",REC. SOB. SUP. TRT 19A. REG. - AL,15000,15000
93167,"93167",REC. SOB. SUP. TRT 20A. REG. - SE,15000,15000
93168,"93168",REC. SOB. SUP. TRT 21A. REG. - RN,15000,15000
93169,"93169",REC. SOB. SUP. TRT 22A. REG. - PI,15000,15000
93170,"93170",REC. SOB. SUP. TRT 23A. REG. - MT,15000,15000
93171,"93171",REC. SOB. SUP. TRT 24A. REG. - MS,15000,15000
93173,"93173",REC. SOB. SUP. TRIBUNAL DE JUSTICA DF,16000,16000
93175,"93175",REC. SOB. SUPERV. PRESIDENCIA DA REPUBLICA,20101,20000
93176,"93176",REC. SOB. SUPERV. AG. BRAS. INTELIG. - ABIN,20101,20000
93177,"93177",REC. SOB SUP. INST. NAC. TECNOL. INFORM - ITI,24208,46000
93178,"93178",REC. SOB SUP EMP. BRASIL COMUNIC. S.A. - EBC,20415,20101
93179,"93179",REC. SOB. SUPERV. FUNDO DE IMPRENSA NACIONAL,20116,20101
93180,"93180",RECURSOS SOB SUPERVISAO DO MAPA - ADM. DIRETA,22000,22000
93181,"93181",REC. SOB. SUP. SERVICO FLORESTAL BRAS. - SFB,44208,44000
93182,"93182",RECURSOS SOB SUPERVISAO DO INCRA,22201,49000
93183,"93183",RECURSOS SOB SUPERVISAO DA EMBRAPA,22202,22000
93184,"93184",REC. SOB. SUP. CIA NAC. ABASTECIMENTO - CONAB,22211,49000
93185,"93185",RECURSOS SOB SUPERV. DO MCTIC - ADM. DIRETA,24000,24000
93186,"93186",RECURSOS SOB SUPERVISAO DO CNPQ,20501,24000
93187,"93187",REC. SOB SUP. COM. NAC. ENERG. NUCLEAR - CNEN,20301,24000
93188,"93188",REC. SOB. SUPERV. AGENCIA ESPACIAL BRASILEIRA,20402,24000
93189,"93189",RECURSOS SOB SUPERVISAO DO CEITEC S.A.,24209,24000
93190,"93190",REC. SOB. SUPERV. AG. NAC. TELEC. - ANATEL,41231,41000
93191,"93191",REC. SOB SUP. SECRET. ESP RECEITA FED. BRASIL,25000,25000
93192,"93192",REC. SOB SUP. PROCURARIA-GERAL FAZENDA NAC.,25000,25000
93193,"93193",REC. SOB. SUPERV. BANCO CENTRAL DO BRASIL,25201,25201
93194,"93194",REC. SOB. SUP. COMIS. VALORES MOBIL. - CVM,25203,25000
93195,"93195",REC. SOB SUP. SUPERINT. NAC. PREV. COMPLEM.,33206,33000
93196,"93196",REC. SOB. SUP. SUPERINT. SEGUROS PRIVADOS,25208,25000
93197,"93197",RECURSOS SOB SUPERVISAO DO INMETRO,30203,28000
93198,"93198",REC. SOB SUP. INST. NAC. PROP. INDUST. - INPI,30204,28000
93199,"93199",RECURSOS SOB SUPERVISAO DA SUFRAMA,20603,28000
93200,"93200",RECURSOS SOB SUPERVISAO DA FUNDACENTRO,37201,40000
93201,"93201",REC. SOB SUP. INST. PESQUISA ECONOMICA APLICA,61201,47000
93202,"93202",RECURSOS SOB SUPERVISAO DO IBGE,25205,47000
93203,"93203",REC. SOB. SUP. FUND. ESCOLA NAC. ADM. PUBLICA,20202,46000
93204,"93204",REC. SOB. SUPERV. INST. NAC. SEGURO SOCIAL,37202,33000
93205,"93205",REC. SOB. SUP. MINIST. EDUC. - ADM. DIRETA,26000,26000
93206,"93206",REC. SOB. SUP. INST. NAC. EDUCACAO DE SURDOS,26000,26000
93207,"93207",REC. SOB. SUPERV. INSTITUTO BENJAMIN CONSTANT,26000,26000
93208,"93208",RECURSOS SOB SUPERVISAO DO COLEGIO PEDRO II,26201,26000
93209,"93209",RECURSOS SOB SUPERVISAO DA FUNDACAO UNIVASF,26230,26000
93210,"93210",REC. SOB. SUPERV. UNIV. FED.  ALAGOAS,26231,26000
93211,"93211",REC. SOB. SUPERV. UNIV. FED.  BAHIA,26232,26000
93212,"93212",REC. SOB. SUPERV. UNIV. FED.  CEARA,26233,26000
93213,"93213",REC. SOB. SUPERV. UNIV. FED.  ESPIRITO SANTO,26234,26000
93214,"93214",REC. SOB. SUPERV. UNIV. FED.  GOIAS,26235,26000
93215,"93215",REC. SOB. SUPERV. UNIV. FED.  FLUMINENSE,26236,26000
93216,"93216",REC. SOB. SUPERV. UNIV. FED.  JUIZ DE FORA,26237,26000
93217,"93217",REC. SOB. SUPERV. UNIV. FED.  MINAS GERAIS,26238,26000
93218,"93218",REC. SOB. SUPERV. UNIV. FED.  PARA,26239,26000
93219,"93219",REC. SOB. SUPERV. UNIV. FED.  PARAIBA,26240,26000
93220,"93220",REC. SOB. SUPERV. UNIV. FED.  PARANA,26241,26000
93221,"93221",REC. SOB. SUPERV. UNIV. FED.  PERNAMBUCO,26242,26000
93222,"93222",RECURSOS SOB SUPERVISAO DA UFRN,26243,26000
93223,"93223",REC. SOB. SUP. UNIV. FED.  RIO GRANDE DO SUL,26244,26000
93224,"93224",REC. SOB. SUPERV. UNIV. FED.  RIO DE JANEIRO,26245,26000
93225,"93225",REC. SOB. SUPERV. UNIV. FED.  SANTA CATARINA,26246,26000
93226,"93226",REC. SOB. SUPERV. UNIV. FED.  SANTA MARIA,26247,26000
93227,"93227",REC. SOB. SUP. UNIV. FED. RUR. PE - UFRPE,26248,26000
93228,"93228",REC. SOB. SUP. UNIV. FED. RUR. RJ - UFRRJ,26249,26000
93229,"93229",REC. SOB. SUPERV. FUND. UNIV. FED. RORAIMA,26250,26000
93230,"93230",REC. SOB. SUPERV. FUND. UNIV. FED. TOCANTINS,26251,26000
93231,"93231",REC. SOB. SUPERV. UNIV. FED.  CAMPINA GRANDE,26252,26000
93232,"93232",REC. SOB. SUP. UNIV. FED.  RURAL DA AMAZONIA,26253,26000
93233,"93233",REC. SOB. SUP. UNIV. FED.  TRIANGULO MINEIRO,26254,26000
93234,"93234",RECURSOS SOB SUPERVISAO DA UFVJM,26255,26000
93235,"93235",REC. SOB. SUP. CEFET CELSO SUCKOW DA FONSECA,26256,26000
93236,"93236",REC. SOB. SUP. CT. FED. EDUC. TECNOL. MG,26257,26000
93237,"93237",REC. SOB. SUP. UNIV. TECNOL. FED. PR - UTFPR,26258,26000
93238,"93238",REC. SOB. SUPERV. UNIV. FED.  ALFENAS,26260,26000
93239,"93239",REC. SOB. SUPERV. UNIV. FED.  ITAJUBA,26261,26000
93240,"93240",REC. SOB. SUPERV. UNIV. FED.  SAO PAULO,26262,26000
93241,"93241",REC. SOB. SUPERV. UNIV. FED.  LAVRAS,26263,26000
93242,"93242",RECURSOS SOB SUPERVISAO DA UFERSA,26264,26000
93243,"93243",REC. SOB. SUPERV. FUND. UNIV. FED. PAMPA,26266,26000
93244,"93244",RECURSOS SOB SUPERVISAO DA UNILA,26267,26000
93245,"93245",REC. SOB. SUPERV. FUND. UNIV. FED. RONDONIA,26268,26000
93246,"93246",REC. SOB. SUPERV. FUND. UNIV. RIO DE JANEIRO,26269,26000
93247,"93247",REC. SOB. SUPERV. FUND. UNIV. AMAZONAS,26270,26000
93248,"93248",REC. SOB. SUPERV. FUND. UNIV. BRASILIA,26271,26000
93249,"93249",REC. SOB. SUPERV. FUND. UNIV. FED. MARANHAO,26272,26000
93250,"93250",REC. SOB. SUPERV. FUND. UNIV. FED. RIO GRANDE,26273,26000
93251,"93251",REC. SOB. SUPERV. UNIV. FED.  UBERLANDIA,26274,26000
93252,"93252",REC. SOB. SUPERV. FUND. UNIV. FED. ACRE,26275,26000
93253,"93253",REC. SOB. SUP. FUND. UNIV. FED. MATO GROSSO,26276,26000
93254,"93254",REC. SOB. SUPERV. FUND. UNIV. FED. OURO PRETO,26277,26000
93255,"93255",REC. SOB. SUPERV. FUND. UNIV. FED. PELOTAS,26278,26000
93256,"93256",REC. SOB. SUPERV. FUND. UNIV. FED. PIAUI,26279,26000
93257,"93257",REC. SOB. SUPERV. FUND. UNIV. FED. SAO CARLOS,26280,26000
93258,"93258",REC. SOB. SUPERV. FUND. UNIV. FED. SERGIPE,26281,26000
93259,"93259",REC. SOB. SUPERV. FUND. UNIV. FED. VICOSA,26282,26000
93260,"93260",RECURSOS SOB SUPERVISAO DA FUNDACAO UFMS,26283,26000
93261,"93261",RECURSOS SOB SUPERVISAO DA FUNDACAO UFCSPA,26284,26000
93262,"93262",RECURSOS SOB SUPERVISAO DA FUNDACAO UFSJ,26285,26000
93263,"93263",REC. SOB. SUPERV. FUND. UNIV. FED. AMAPA,26286,26000
93264,"93264",RECURSOS SOB SUPERVISAO DO INEP,26290,26000
93265,"93265",REC. SOB SUP. FUND. COORD. AP. PES. NIV. SUP.,26291,26000
93266,"93266",REC. SOB. SUPERV. FUNDACAO JOAQUIM NABUCO,26292,26000
93267,"93267",REC. SOB. SUP. HOSP. CLINICAS DE PORTO ALEGRE,26294,26000
93268,"93268",REC. SOB. SUP. FUN. NAC. DESENV. EDUC.,26298,26000
93269,"93269",REC. SOB SUP. FUND. UN. FED. GRANDE DOURADOS,26350,26000
93270,"93270",REC. SOB. SUP. UNIV. FED.  RECONCAVO DA BAHIA,26351,26000
93271,"93271",REC. SOB. SUPERV. FUND. UNIV. FED. ABC,26352,26000
93272,"93272",REC. SOB SUP. HOSP.UNIV.PROF. ALBERTO ANTUNES,26231,26000
93273,"93273",REC. SOB. SUP. COMPLEXO HOSP. E SAUDE UFBA,26232,26000
93274,"93274",REC. SOB. SUP. HOSP. UNIVERS. WALTER CANTIDIO,26233,26000
93275,"93275",REC. SOB SUP. MATERN-ESC. ASSIS CHATEAUBRIAND,26233,26000
93276,"93276",REC. SOB SUP. HOSP. UNIV. CASSIANO ANT.MORAIS,26234,26000
93277,"93277",REC. SOB. SUP. HOSP. CLINICAS UFGO,26235,26000
93278,"93278",REC. SOB. SUP. HOSP. UNIVERS. ANTONIO PEDRO,26236,26000
93279,"93279",REC. SOB. SUP. HOSP. UNIV. UFJF,26237,26000
93280,"93280",REC. SOB. SUP. HOSP. CLINICAS UFMG,26238,26000
93281,"93281",REC. SOB SUP. HOSP. UNIV. JOAO BARROS BARRETO,26239,26000
93282,"93282",REC. SOB SUP. HOSP. UNIV. BETTINA FERRO SOUZA,26239,26000
93283,"93283",REC. SOB. SUP. HOSP. UNIVERS. LAURO WANDERLEY,26240,26000
93284,"93284",REC. SOB. SUP. HOSP. CLINICAS UFPR,26241,26000
93285,"93285",REC. SOB. SUP. HOSP. CLINICAS UFPE,26242,26000
93286,"93286",REC. SOB. SUP. COMPLEXO HOSP. E SAUDE UFRN,26243,26000
93287,"93287",REC. SOB. SUP. COMPLEXO HOSP. E SAUDE UFRJ,26245,26000
93288,"93288",REC. SOB. SUP. HOSP. UNIV. UFDG,26350,26000
93289,"93289",REC. SOB SUP. H.U. PROF. POLYDORO E.S. THIAGO,26246,26000
93290,"93290",REC. SOB. SUPERV. HOSP. UNIVERS. SANTA MARIA,26247,26000
93291,"93291",REC. SOB. SUP. HOSP. UNIV. ALCIDES CARNEIRO,26252,26000
93292,"93292",REC. SOB. SUP. HOSP. CLINICAS UFTM,26254,26000
93293,"93293",REC. SOB SUP. HOSP. UNIV. GAFFREE E GUINLE,26269,26000
93294,"93294",REC. SOB. SUP. HOSP. UNIVERS. GETULIO VARGAS,26270,26000
93295,"93295",REC. SOB. SUPERV. HOSP. UNIVERS. BRASILIA,26271,26000
93296,"93296",REC. SOB. SUP. HOSP. UNIV. FUND. UFMA,26272,26000
93297,"93297",REC. SOB SUP. H.U. DR. MIGUEL RIET CORREA JR.,26273,26000
93298,"93298",REC. SOB. SUP. HOSP. CLINICAS UFU,26274,26000
93299,"93299",REC. SOB. SUPERV. HOSPITAL JULIO MULLER,26276,26000
93300,"93300",REC. SOB. SUP. HOSP. CLINICAS FUND. UFPEL,26278,26000
93301,"93301",REC. SOB. SUP. HOSP. UNIV. FUND. UFPI,26279,26000
93302,"93302",REC. SOB. SUP. HOSP. UNIV. FUND. UFSE,26281,26000
93303,"93303",REC. SOB. SUP. HOSP. UNIV. MARIA PEDROSSIAN,26283,26000
93304,"93304",REC. SOB. SUPERV. INST. FED. ALAGOAS,26402,26000
93305,"93305",REC. SOB. SUPERV. INST. FED. AMAZONAS,26403,26000
93306,"93306",REC. SOB. SUPERV. INSTITUTO FEDERAL BAIANO,26404,26000
93307,"93307",REC. SOB. SUPERV. INSTITUTO FEDERAL DO CEARA,26405,26000
93308,"93308",REC. SOB. SUPERV. INST. FED. ESPIRITO SANTO,26406,26000
93309,"93309",REC. SOB. SUPERV. INSTITUTO FEDERAL GOIANO,26407,26000
93310,"93310",REC. SOB. SUPERV. INST. FED. MARANHAO,26408,26000
93311,"93311",REC. SOB. SUPERV. INST. FED. MINAS GERAIS,26409,26000
93312,"93312",REC. SOB. SUP. INST. FED. NORTE MG,26410,26000
93313,"93313",REC. SOB. SUP. INST. FED. SUDESTE MG,26411,26000
93314,"93314",REC. SOB. SUP. INST. FED. SUL DE MINAS GERAIS,26412,26000
93315,"93315",REC. SOB. SUP. INST. FED. TRIANGULO MINEIRO,26413,26000
93316,"93316",REC. SOB. SUPERV. INST. FED. MATO GROSSO,26414,26000
93317,"93317",REC. SOB. SUP. INST. FED. MATO GROSSO DO SUL,26415,26000
93318,"93318",REC. SOB. SUPERV. INSTITUTO FEDERAL DO PARA,26416,26000
93319,"93319",REC. SOB. SUPERV. INST. FED. PARAIBA,26417,26000
93320,"93320",REC. SOB. SUPERV. INST. FED. PERNAMBUCO,26418,26000
93321,"93321",REC. SOB. SUP. INST. FED. RIO GRANDE DO SUL,26419,26000
93322,"93322",REC. SOB. SUPERV. INST. FED. FARROUPILHA,26420,26000
93323,"93323",REC. SOB. SUPERV. INST. FED. RONDONIA,26421,26000
93324,"93324",REC. SOB. SUPERV. INST. FED. CATARINENSE,26422,26000
93325,"93325",REC. SOB. SUPERV. INST. FED. SERGIPE,26423,26000
93326,"93326",REC. SOB. SUPERV. INST. FED. TOCANTINS,26424,26000
93327,"93327",REC. SOB. SUPERV. INSTITUTO FEDERAL DO ACRE,26425,26000
93328,"93328",REC. SOB. SUPERV. INSTITUTO FEDERAL DO AMAPA,26426,26000
93329,"93329",REC. SOB. SUPERV. INSTITUTO FEDERAL DA BAHIA,26427,26000
93330,"93330",REC. SOB. SUPERV. INST. FED. BRASILIA,26428,26000
93331,"93331",REC. SOB. SUPERV. INSTITUTO FEDERAL DE GOIAS,26429,26000
93332,"93332",REC. SOB. SUP. INST. FED. SERTAO PERNAMBUCANO,26430,26000
93333,"93333",REC. SOB. SUPERV. INSTITUTO FEDERAL DO PIAUI,26431,26000
93334,"93334",REC. SOB. SUPERV. INSTITUTO FEDERAL DO PARANA,26432,26000
93335,"93335",REC. SOB. SUPERV. INST. FED. RIO DE JANEIRO,26433,26000
93336,"93336",REC. SOB. SUPERV. INST. FED. FLUMINENSE,26434,26000
93337,"93337",REC. SOB. SUP. INST. FED. RIO GRANDE DO NORTE,26435,26000
93338,"93338",REC. SOB. SUP. INST. FED. SUL-RIO-GRANDENSE,26436,26000
93339,"93339",REC. SOB. SUPERV. INST. FED. RORAIMA,26437,26000
93340,"93340",REC. SOB. SUPERV. INST. FED. SANTA CATARINA,26438,26000
93341,"93341",REC. SOB. SUPERV. INST. FED. SAO PAULO,26439,26000
93342,"93342",REC. SOB. SUPERV. UNIV. FED.  FRONTEIRA SUL,26440,26000
93343,"93343",REC. SOB. SUPERV. UNIV. FED.  OESTE DO PARA,26441,26000
93344,"93344",RECURSOS SOB SUPERVISAO DA UNILAB,26442,26000
93345,"93345",REC. SOB. SUP. EMP. BRAS. SERVICOS HOSP.,26443,26000
93346,"93346",REC. SOB SUP. MATERN. VICTOR FERREIRA AMARAL,26241,26000
93347,"93347",REC. SOB. SUPERV. HOSP. UNIVERS. UNIFESP,26262,26000
93348,"93348",REC. SOB. SUPERV. UNIV. FED.  OESTE DA BAHIA,26447,26000
93349,"93349",RECURSOS SOB SUPERVISAO DA UNIFESSPA,26448,26000
93350,"93350",REC. SOB. SUPERV. UNIV. FED.  CARIRI,26449,26000
93351,"93351",REC. SOB. SUPERV. UNIV. FED.  SUL DA BAHIA,26450,26000
93352,"93352",REC. SOB. SUP. HOSP. UNIV. UNIVASF,26230,26000
93353,"93353",REC. SOB. SUPERV. UNIV. FED.  CATALAO,26452,26000
93354,"93354",REC. SOB. SUPERV. UNIV. FED.  JATAI,26453,26000
93355,"93355",REC. SOB. SUPERV. UNIV. FED.  RONDONOPOLIS,26454,26000
93356,"93356",REC. SOB. SUP. UNIV. FED.  DELTA DO PARNAIBA,26455,26000
93357,"93357",RECURSOS SOB SUPERVISAO DA UFAPE,26456,26000
93358,"93358",REC. SOB SUP. UNIVERS. FED. NORTE TOCANTINS,26457,26000
93359,"93359",REC. SOB. SUPERV. DEFENSORIA PUBLICA DA UNIAO,29000,29000
93360,"93360",REC. SOB SUP. MINIST.JUS.SEG.PUB. - ADM. DIR.,30000,30000
93361,"93361",RECURSOS SOB SUPERVISAO DO ARQUIVO NACIONAL,30000,30000
93362,"93362",REC. SOB. SUP. DEPART. POLICIA RODOV. FED.,30802,30000
93363,"93363",REC. SOB. SUP. DEPARTAMENTO DE POLICIA FED.,30108,30000
93364,"93364",REC. SOB. SUP. FUND. NAC. INDIO - FUNAI,30202,84000
93365,"93365",REC. SOB. SUP. CONS. ADM. DEF. ECON. - CADE,30211,30000
93366,"93366",REC. SOB. SUPERV. MME - ADM. DIRETA,32000,32000
93367,"93367",REC. SOB. SUP. CIA PESQ. REC. MINERAIS - CPRM,29208,32000
93368,"93368",REC. SOB. SUP. AG. NAC. PET. GN. BIO. - ANP,32205,32000
93369,"93369",REC. SOB. SUPERV. AG. NAC. EM. ELET. - ANEEL,32210,32000
93370,"93370",REC. SOB. SUP. EMP. PESQUISA ENERGETICA - EPE,32314,32000
93371,"93371",REC. SOB. SUPERV. AG. NAC.  MINERACAO - ANM,32396,32000
93372,"93372",REC. SOB SUP. IND. NUC. BRASIL S.A. - INB,20303,32000
93373,"93373",REC. SOB. SUPERV. NUCLEBRAS S.A. - NUCLEP,20302,32000
93374,"93374",REC. SOB. SUPERV. MINISTERIO PUBLICO FEDERAL,34000,34000
93375,"93375",REC. SOB. SUPERV. MINISTERIO PUBLICO MILITAR,34000,34000
93376,"93376",REC. SOB. SUP. MIN. PUB. DF E TERRITORIOS,34000,34000
93377,"93377",REC. SOB. SUPERV. MIN. PUB. TRABALHO,34000,34000
93378,"93378",REC. SOB. SUPERV. ESCOLA SUPERIOR MPU,34000,34000
93379,"93379",REC. SOB SUPERV. MRE - ADM. DIRETA,35000,35000
93380,"93380",REC. SOB. SUP. FUNDACAO ALEXANDRE DE GUSMAO,35201,35000
93381,"93381",REC. SOB. SUPERV. FUNDACAO OSWALDO CRUZ,36201,36000
93382,"93382",REC. SOB SUP. HOSP. NOSSA SRA CONCEICAO S.A.,36210,36000
93383,"93383",REC. SOB. SUPERV. FUNDACAO NACIONAL DE SAUDE,36211,36000
93384,"93384",REC. SOB. SUP. AG. NAC. VIG. SANIT. - ANVISA,36212,36000
93385,"93385",REC SOB SUPERVISAO DA AG NAC SAUDE SUPLEMENTA,36213,36000
93386,"93386",REC. SOB. SUPERV. FUNDO NACIONAL DE SAUDE,36000,36000
93387,"93387",REC. SOB. SUPERV. CGU - ADM. DIRETA,37000,37000
93388,"93388",REC. SOB SUP. MINIST. INFRAEST. - ADM. DIRETA,39000,39000
93389,"93389",REC. SOB SUP. VALEC - ENG. CONST. FERR. S.A.,29209,39000
93390,"93390",REC. SOB. SUP. AG. NAC. TR. TERREST. - ANTT,39250,39000
93391,"93391",REC. SOB. SUP. AG. NAC. TR. AQUAV. - ANTAQ,68201,68000
93392,"93392",RECURSOS SOB SUPERVISAO DO DNIT,39252,39000
93393,"93393",REC. SOB SUP. EMP. PLANEJ. LOGIST. S.A. - EPL,39253,39000
93394,"93394",REC. SOB. SUPERV. AG. NAC. AV. CIVIL - ANAC,62201,68000
93395,"93395",REC. SOB SUP. MINIST. MEIO AMB. - ADM. DIR.,44000,44000
93396,"93396",RECURSOS SOB SUPERVISAO DO IBAMA,20701,44000
93397,"93397",REC. SOB SUP. INST. PESQ. JD. BOT. RJ - JBRJ,44206,44000
93398,"93398",RECURSOS SOB SUPERVISAO DO ICMBIO,44207,44000
93399,"93399",REC. SOB. SUP. MINIST. DEFESA - ADM. DIRETA,52000,52000
93400,"93400",REC. SOB. SUPERV. COMANDO DA AERONAUTICA,52111,52000
93401,"93401",REC. SOB. SUPERV. COMANDO DO EXERCITO,52121,52000
93402,"93402",RECURSOS SOB SUPERVISAO DO COMANDO DA MARINHA,52131,52000
93403,"93403",REC. SOB. SUP. CX. FINANC. IMOB. AERONAUTICA,52211,52111
93404,"93404",REC. SOB SUP. IND. MAT. BELICO BRASIL - IMBEL,52221,52121
93405,"93405",RECURSOS SOB SUPERVISAO DO FUNDACAO OSORIO,52222,52121
93406,"93406",REC. SOB. SUP. CX. CON. PESS. MARINHA - CCCPM,31280,52131
93407,"93407",REC. SOB. SUP. AM. AZ. TEC. DEF. SA - AMAZUL,52233,52131
93408,"93408",REC. SOB SUP. FUNDO ADM. HOSP. FORCAS ARMAS,52000,52000
93409,"93409",REC. SOB SUP. MINIST.DESENV.REG. - ADM. DIR.,53000,53000
93410,"93410",RECURSOS SOB SUPERVISAO DA CODEVASF,22203,53000
93411,"93411",REC. SOB. SUP. SUPERINT. DESENV. AMAZONIA,53202,53000
93412,"93412",REC. SOB. SUP. SUPERINT. DESENV. NORDESTE,53203,53000
93413,"93413",RECURSOS SOB SUPERVISAO DO DNOCS,22204,53000
93414,"93414",REC. SOB SUP. SUPERINT. DESENV. CO - SUDECO,53207,53000
93415,"93415",RECURSOS SOB SUPERVISAO DA TRENSURB S.A.,29205,56000
93416,"93416",REC. SOB. SUP. CIA BRAS. TRENS URBANOS - CBTU,29214,56000
93417,"93417",REC. SOB. SUPERV. AG. NAC.  AGUAS - ANA,44205,53000
93418,"93418",REC. SOB SUP. MINIST. TURISMO - ADM. DIRETA,54000,54000
93419,"93419",REC. SOB. SUP. EMBRATUR - INST. BRAS. TURISMO,20604,54000
93420,"93420",REC. SOB. SUP. FUNDACAO CASA DE RUI BARBOSA,20403,42000
93421,"93421",REC. SOB. SUP. FUND. BIBLIOTECA NAC. - BN,20404,42000
93422,"93422",REC. SOB. SUPERV. FUNDACAO CULTURAL PALMARES,20408,42000
93423,"93423",REC. SOB. SUPERV. FUNDACAO NACIONAL DE ARTES,20412,42000
93424,"93424",REC. SOB SUP. INST. PATRIM. HIST. ART. NAC.,20411,42000
93425,"93425",REC. SOB. SUPERV. AG. NAC.  CINEMA - ANCINE,20203,42000
93426,"93426",REC. SOB. SUPERV. INST. BRAS. DE MUSEUS,42207,42000
93427,"93427",REC. SOB. SUP. CONSELHO NACIONAL DO MIN. PUB.,59000,59000
93428,"93428",REC. SOB. SUP. GAB.VICE-PRES. REPUBLICA,60000,20000
93429,"93429",REC. SOB. SUPERV. ADVOCACIA-GERAL DA UNIAO,63000,63000
93430,"93430",REC. SOB SUP. MINIST.MULHER F.D.H - ADM. DIR.,81000,81000
93435,"93435",RECURSOS SOB SUPERVISAO DA TELEBRAS,24216,41000
93436,"93436",REC. SOB SUP. FUN. NAC. DES. CIENT. TECNOL.,24901,24000
93445,"93445",RECURSOS DO FUNDO NACIONAL ANTIDROGAS,30912,30000
93452,"93452",REC. SOB SUP. SECRET.COM.INTERMINIST.REC. MAR,52131,52000
93453,"93453",REC. SOB SUP. FUNDO DO MINISTERIO DA DEFESA,52000,52000
93455,"93455",RECURSOS SOB SUPERVISAO DO FUNDO AERONAUTICO,52911,52111
93456,"93456",RECURSOS DO FUNDO DO EXERCITO,52904,52121
93457,"93457",RECURSOS SOB SUPERVISAO DO FUNDO NAVAL,52132,52131
93461,"93461",REC. SOB SUP. FUN. NAC. CRIANCA ADOL. - FNCA,30913,81000
93463,"93463",REC. SOB SUP. ENC FIN UNIAO - PGTO SENT JUD,25000,25000
93464,"93464",RECURSOS SOB SUPERVISAO MINIST. ECONOMIA,25000,25000
93465,"93465",REC. SOB SUP. REMUN.AG.FINANC.MINIST.ECONOMIA,25000,25000
93469,"93469",REC. SOB. SUP. FUNDO ESP. FIN. CAMPANHAS,20101,20000
93474,"93474",REC. SOB SUP. MINIST. AGRIC. PEC. ABASTEC.,22000,22000
93481,"93481",REC. SOB SUPERVISAO DO FIES - MINIST. EDUC.,26298,26000
93495,"93495",REC. SOB. SUP. MINIST. ECONOMIA - EX TERRIT.,25000,25000
93496,"93496",RECURSOS DO MIN. DAS COMUNICACOES ADM DIRETA,41000,41000
93901,"93901",REC. SOB SUP. FUNDO CONST. DF - FCDF,25915,25000
93904,"93904",REC. SOB. SUP. FUNDO DE AMPARO AO TRABALHADOR,38901,40000
98000,"98000",RECEITA DO TESOURO DA UNIAO,25000,25000
99999,"99999",CODIGO INEXISTENTE NO SIAFI,-7,-7
